PlayerName,On Base CI,Hit CI
Ted Williams,13.691365159128978,3.402817270794799
Lou Gehrig,13.542605186144693,4.214616760740425
Albert Pujols,12.67452380952381,3.763229475766568
Joe DiMaggio,11.600297876110114,5.505510893187849
Frank Thomas,11.307347670250897,3.0273516686333246
Jeff Bagwell,11.12374849819784,2.9525225803276527
Dom DiMaggio,10.773648149444327,3.904994554994555
Dale Alexander,10.769898230424545,4.62740910246631
Joey Votto,10.674329501915707,3.1965633423180595
Derek Jeter,10.491992964917152,4.823493360572012
Ferris Fain,10.38021797708832,1.8604336043360437
Hank Greenberg,10.317460317460318,3.8922772719942533
Edgar Martinez,10.013540822553699,2.683338647550146
Rogers Hornsby,9.828279625829913,4.300765034309339
Barry Bonds,9.51764705882353,2.0369563902498036
Eddie Stanky,9.437562437562438,2.1101527403414195
Ed Morgan,9.34308807134894,3.7380486441151803
Harlond Clift,9.325396825396824,2.2665423518110415
Jimmie Foxx,9.314769926833796,3.1675526717131004
Dick Porter,9.281372549019608,3.5597425321834772
Arky Vaughan,9.265086887835702,3.163888888888889
Mickey Mantle,9.261089275687816,2.247468770545694
Manny Ramirez,9.21848693725266,3.1109241980221056
Chuck Knoblauch,9.200113378684808,3.2475886356441914
Andrew McCutchen,9.189765107573328,2.504201680672269
Chase Utley,9.188311688311687,2.747945291423552
Ralph Kiner,9.151748971193415,2.1096045197740114
Earle Combs,9.147058823529411,4.0658508158508155
Charlie Gehringer,9.093121396041104,3.9172679071698657
Prince Fielder,9.021492295214923,2.5672635445362717
Earl Sheely,8.955557888678907,2.586354413560296
Chipper Jones,8.94021140671626,2.983763693270736
Ross Youngs,8.877542875387704,4.089629679509216
Al Rosen,8.812184456370503,2.6124820556991097
Miguel Cabrera,8.745217745217746,3.757839721254355
Luke Appling,8.732829406272312,2.767448061865167
Shannon Stewart,8.7243947858473,3.7271481698962616
Brian Giles,8.672166481784041,2.0449799196787146
Wade Boggs,8.663151166506871,3.547639367325616
Denard Span,8.657407407407407,3.342659079618841
Minnie Minoso,8.612041467304625,3.2057967848234927
Mickey Cochrane,8.60883724727759,2.6178165089684797
Richie Ashburn,8.605250334672021,3.5535536159600998
Todd Helton,8.591030544488712,3.3282096450354204
Lu Blue,8.531511501369659,2.6959457868211576
Max Bishop,8.487804878048781,1.5636626854867897
Rickey Henderson,8.483795199357633,2.1843661843661843
Stan Musial,8.460622587502655,3.4470801670431985
Jacoby Ellsbury,8.456516516516517,4.345218855218855
Ichiro Suzuki,8.424206124753217,5.597740863787376
Bob Johnson,8.381469562885492,2.5525868242033654
Pete Rose,8.373169901259788,3.466129998832793
Joe Morgan,8.366792065663475,1.8378143114329237
Alex Rodriguez,8.362376933895922,3.2384114583333337
Ben Chapman,8.348587212333884,3.643537139494534
Gary Sheffield,8.312880396319885,2.992984671054933
Jackie Robinson,8.295498084291188,2.9074259074259072
Hanley Ramirez,8.272135590208359,3.6569479253689785
Paul Waner,8.258912142351631,4.19580669886906
Earl Averill,8.249206349206348,3.838146941730004
Dustin Pedroia,8.218550520190442,4.261918726434856
Bobby Abreu,8.201421670117321,2.3977848662059187
Kenny Lofton,8.192165767811524,3.2977180114099434
Matt Holliday,8.188400994723422,3.937201805286912
Stan Hack,8.172413793103448,3.193262411347518
Mel Ott,8.135639653414882,2.5456404846093093
Dolph Camilli,8.121451400639218,2.0353915662650603
Goose Goslin,8.101598173515981,3.778469491772244
Brett Butler,8.092812947642441,2.712552847464925
Lance Berkman,8.078972783569197,2.392883274545215
Rusty Greer,8.041136556403734,3.0586538461538466
Billy Herman,8.025453740593182,3.927911826035151
Mike Schmidt,7.993945088213802,2.0613239738715023
Kevin Seitzer,7.991364421416235,3.490855619887878
Paul Molitor,7.9661990109326934,3.849651080699468
Charlie Keller,7.917270709453373,1.6994165255034819
Victor Martinez,7.8893635038796335,4.254505888376856
George Selkirk,7.8809523809523805,1.8568435754189945
Roy Cullenbine,7.853078879828343,1.4109286468837032
Johnny Pesky,7.7700698757763975,3.6096558808423214
David Wright,7.767341387058496,3.5063215530114484
Joe Vosmik,7.748170663064279,3.8174861825805224
Joe Mauer,7.732044750774148,3.4745814307458143
Ken Singleton,7.71823932770604,2.358460098541723
Kiki Cuyler,7.69713393554143,3.4723113964686996
Mark Grace,7.688785529715762,3.2656646462225325
Ian Kinsler,7.683726578764747,2.3009839413348185
Tommy Henrich,7.6826923076923075,2.001519756838906
Vladimir Guerrero,7.6726190476190474,3.7773752012882444
Ryan Zimmerman,7.667274246221614,3.8451699121802214
Evan Longoria,7.631337432059165,2.6975677169707026
Grady Sizemore,7.627371273712737,2.7749860413176997
Mike Hargrove,7.581451526799061,2.0391365521953166
Carlos Delgado,7.56994794333504,2.3657960450833504
Tony Gwynn,7.558216510903427,4.177572491660252
Billy Werber,7.54855500821018,2.570085578715472
Joe Sewell,7.547939068100358,3.3933855526544825
Zeke Bonura,7.523035230352304,3.6028501332106644
Rafael Palmeiro,7.504404404404404,2.725518030007295
Gus Suhr,7.480597014925373,2.4595476986781333
Larry Walker,7.476510800175876,2.7424938994029033
Eddie Yost,7.475068596839814,1.3463798886119571
Dick Wakefield,7.4593246012652585,2.320825396825397
Will Clark,7.458757925292185,3.0679521655869286
Jim Thome,7.453409090909091,1.8745292876717727
Mo Vaughn,7.450944105920409,2.9533693352021326
Keith Hernandez,7.449192782526116,2.5961488420504817
Brian Roberts,7.430220883534137,3.726759116589625
Rod Carew,7.424588642441403,3.8237484230284013
Bill Terry,7.395493395493394,3.75725406935598
Pie Traynor,7.395002807411568,4.311502507979935
David Justice,7.394979352314714,2.2506556929888064
Shin-Soo Choo,7.384057971014492,2.8399470899470898
Hack Wilson,7.330891330891331,2.8826797385620915
Willie Randolph,7.329582786461441,2.1968599033816427
Buddy Myer,7.327124417744112,3.091321404126955
Roberto Alomar,7.321666666666666,3.6536700336700334
Taylor Douthit,7.306620414170084,2.717737003058103
Elbie Fletcher,7.304505536464299,2.113809016684416
Jason Kendall,7.299520118124768,2.5341504863144952
George Sisler,7.290476190476191,4.669925276700938
Mark Teixeira,7.27625568527002,2.3095568567917297
Justin Morneau,7.274904214559387,2.4508196721311477
Tim Salmon,7.267071053812097,2.1232523278272653
Travis Hafner,7.2639545884579,1.9936507936507937
Carlos Beltran,7.263420724094881,3.016680301790746
Tony Lazzeri,7.261316254878487,2.3652268019472715
Jason Giambi,7.253846153846154,1.5602981029810297
Corey Koskie,7.2511372051200675,2.1517928548017045
Del Bissonette,7.2489959839357425,3.1546218487394952
Carney Lansford,7.242025542025542,3.7046330346457412
John Olerud,7.184322628276116,2.358654033977412
Frank Robinson,7.168510789861081,2.2851615566143546
Bernie Williams,7.162799643183845,2.649544380852792
Nick Swisher,7.151828021347698,1.809962002147144
Buddy Lewis,7.144557823129252,3.3765324213499395
Al Simmons,7.12352649259429,4.530598039768987
Alvin Davis,7.120614035087719,2.3306218685529028
Pee Wee Reese,7.114199035700742,2.205207739549905
Ed Bouchee,7.104810996563574,1.9065254065726436
Ryan Braun,7.103924509436321,3.6958492864601467
Woody English,7.100232230897819,2.7324621324621323
Joe Kuhel,7.096921596921597,2.6906729016074578
Ryan Howard,7.094202898550724,2.492671504297257
Eddie Mathews,7.092470760233918,2.124943941617743
Mark McGwire,7.0889193229808924,1.4582421354350084
Carl Yastrzemski,7.08813911269698,2.4606887390149192
Augie Galan,7.085399449035813,1.9406793703396852
Jackie Jensen,7.075171676235506,2.052333250886306
Nomar Garciaparra,7.069918699186992,4.286643704554152
Al Kaline,7.065484081643281,3.0724865732397273
Alex Metzler,7.062542720437457,2.6705501618122978
Bobby Avila,7.054348698543745,2.558419294626191
Hal Trosky,7.047374440163814,3.1799728049728047
Frankie Frisch,7.0442447208830155,4.102533209762126
Nick Markakis,7.037829813077806,2.9009755085097555
Robinson Cano,7.023362235067438,4.117799617799618
Johnny Mostil,7.020275750202757,2.5512037256294895
Red Rolfe,7.01875,3.1205475810738967
Matt Lawton,7.008692324178685,1.9009108728237056
Elvis Andrus,6.98088867654085,4.344927536231884
Ken Griffey,6.975848712690818,2.526482873851295
Nick Etten,6.968929415737926,2.2511737089201875
Tim Raines,6.967218037426766,2.2273202614379084
Justin Upton,6.963914373088685,1.9572031344183243
Larry Doby,6.959190370463463,2.4768915871409773
Kevin Youkilis,6.943799915331231,2.1518121693121692
Scott Rolen,6.917337357478202,2.6634920634920634
Ken Williams,6.914913657770801,3.344637441411635
Bill Madlock,6.914102564102564,2.9597158802638255
Barry Larkin,6.9124312431243125,2.9179441043374834
Fernando Vina,6.900010750087344,2.486291486291486
Ron Santo,6.896023302938197,2.373209748209748
Lenny Dykstra,6.872905027932961,2.2799305957200695
Chone Figgins,6.868913857677903,2.6489615572107152
Pinky Higgins,6.866925064599482,2.6238988706007174
Whitey Kurowski,6.86246048268949,2.4741824576078724
Albert Belle,6.8587938912938915,2.956169453152212
Magglio Ordonez,6.837943933363781,3.6158383881827274
Michael Young,6.833333333333333,4.198573573573573
Johnny Damon,6.827913279132791,2.631284046692607
Rafael Furcal,6.824322520357762,3.0060240963855427
Willie Mays,6.823581135091927,2.493018980050992
Jose Reyes,6.821590909090909,4.310759439947824
David Ortiz,6.812015503875969,2.1786691793422173
Barney McCosky,6.80776427873202,3.508140272155295
Nick Johnson,6.806921675774135,1.2499045437189764
Billy Williams,6.805509913462591,2.926408372300156
Pete Runnels,6.795098039215687,2.2800361336946704
Johnny Mize,6.784766494068819,3.1574881053400183
George McQuinn,6.7796710859957985,2.411532386517412
Alex Gordon,6.7721156519321655,2.171974522292994
Jason Bay,6.767750587189742,2.254232888472983
Bobby Bonds,6.7596252042483655,2.537584169300536
Riggs Stephenson,6.746031746031746,3.8571428571428577
Don Mattingly,6.745071684587813,4.099294871794871
Jack Clark,6.717560176173151,1.906440109083281
Tony Phillips,6.707909604519775,1.9488440303657695
Mike Greenwell,6.6967873951299355,2.762682831898324
Jim Rice,6.6893424036281175,3.4964861928046673
Brady Anderson,6.686603280321186,1.7716666666666667
Jim Wynn,6.679912952975684,1.527627266037862
Adrian Gonzalez,6.669871794871795,2.7448638931689775
Mike Sweeney,6.656529833000421,2.638460897141959
Mike Piazza,6.6426432448330255,3.199799842395587
Sid Gordon,6.640589569160998,2.1967623252391464
Bobby Estalella,6.633333333333333,1.994851994851995
Lou Whitaker,6.606949332439529,2.189453221123087
Evar Swanson,6.603564180618975,2.8523364485981304
Joe Cronin,6.601410934744268,2.517213539766182
Josh Hamilton,6.581931464174455,3.30016420361248
Rudy York,6.572213926220894,2.312547574903887
Jose Canseco,6.568926207612339,2.003483163422923
David DeJesus,6.564705882352942,2.9513068793114363
Sam Rice,6.553389398572885,4.380917280917281
Chuck Klein,6.547609991124635,3.5195767195767202
Toby Harrah,6.543933376547152,1.756483653334623
Craig Biggio,6.537668563715747,2.425423038902134
Tommy Holmes,6.533464107234598,3.4693632358830597
Jim Gilliam,6.520962006363466,2.163802704852824
Dick Allen,6.517795138888888,2.5949260252209316
Robin Yount,6.512214342001577,2.9273178854506523
Bobby Grich,6.4972136170500905,1.7953155300558272
Johnny Temple,6.4871216394059035,2.4376016331909587
Luis Gonzalez,6.479674899140648,2.1221043988119295
Hank Aaron,6.472798932439562,3.137298805815161
Hunter Pence,6.461728395061729,3.4759259259259263
Danny Tartabull,6.454388788632557,2.097950377562028
George Brett,6.453778082514394,3.0135509391259627
Dick Bartell,6.442251461988303,2.59257401770891
Kent Hrbek,6.431382077604767,2.3659076842893905
Kirby Puckett,6.417206994793202,3.993964174454829
John Stone,6.41328502415459,2.9694787379972567
Whitey Witt,6.4013541822534785,2.3058348380629856
Mule Haas,6.393224932249322,3.2803873172584015
Moises Alou,6.392475851550585,2.517632465000886
Quilvio Veras,6.38288335064036,2.1985653235653237
Eddie Murray,6.382408152319658,2.483509796762809
Luis Castillo,6.3770674094226365,2.6507971998630846
Billy Butler,6.37191184435279,3.182888204074645
Bobby Doerr,6.36011396011396,2.8051890941073
Harmon Killebrew,6.358649264670578,1.593948144787473
Charlie Jamieson,6.341463414634146,3.225162662662663
Taffy Wright,6.339558045440398,2.603252032520325
Jo-Jo Moore,6.338172343197468,4.034153005464481
Rocky Colavito,6.327680300243137,2.1135879900756915
John Mayberry,6.324948158388466,1.7183329009195998
Happy Felsch,6.319052886641383,3.09857888569298
Al Smith,6.318348623853211,2.1090393823433264
Dwayne Murphy,6.318240044555833,1.0429687757049322
Fred McGriff,6.2928364527629235,2.2932872371074615
Roberto Clemente,6.282820752232517,3.5847946047496713
Cal Ripken,6.280046360746135,2.5404474767254115
Jason Thompson,6.276956094071358,1.6905291790306627
Jack Cust,6.274645257654967,0.9526515151515151
Ray Sanders,6.272108843537414,1.944761904761905
Joe Hauser,6.264912280701754,1.4851851851851852
Heinie Manush,6.259424603174604,4.226866677903253
Johnny Frederick,6.249275362318841,3.287981859410431
Jeff Kent,6.232762033354852,2.6825448921503727
Ryne Sandberg,6.226326699834163,3.2132103346389056
Phil Bradley,6.225796278776411,2.3136986301369866
Roy Johnson,6.223957553992718,2.504135065582877
Edgardo Alfonzo,6.221557682083998,2.3365079365079366
Snuffy Stirnweiss,6.220581170236549,2.0902290978433107
Hideki Matsui,6.216150576806314,2.5003412303792536
Wally Moses,6.213486156310005,2.5953769201963715
Nellie Fox,6.204084975677824,2.814913824398283
Charlie Hollocher,6.196969696969698,3.481904761904762
Adam Dunn,6.187794937794938,1.498397435897436
Ron LeFlore,6.178312629399586,3.7424543946932007
Ron Hunt,6.159257775997864,1.7974236206110354
Cecil Travis,6.1583522297808,3.607208448117539
Jeff Heath,6.156937799043063,2.331661092530658
Buddy Bell,6.153741881014608,2.693075220955962
David Eckstein,6.151498231900241,2.484680181431084
Topper Rigney,6.1493827160493835,1.7034920634920632
Lou Boudreau,6.1335146335146336,2.7398109730078173
Red Kress,6.1277937191136616,2.972166331321261
Joe Judge,6.121281783350749,2.560944264069264
Ben Grieve,6.109993293091885,1.2719626168224298
Pedro Guerrero,6.098451766574037,3.0982493747767066
Lloyd Waner,6.09108910891089,3.7198879551820725
Harry Rice,6.08621226268285,2.6507389162561577
Bob Dillinger,6.079487179487178,3.5178367422148518
Reggie Smith,6.079087579087578,2.3607829514108594
Bruce Bochte,6.075372367745249,2.2484046641261495
Gregg Jefferies,6.062508493001766,3.462972377563125
Rickie Weeks,6.061904761904763,1.9003058103975536
Dave Bancroft,6.050203026947213,2.3056066977308025
Lonny Frey,6.022793148880106,2.2323961499493414
Aramis Ramirez,6.021591048769456,2.356739951143682
J.D. Drew,6.00902643455835,1.9343492271560436
Enos Slaughter,6.000511247443764,2.045994465816292
Chili Davis,5.9910362490149724,2.052016050107653
Sam West,5.9853128991060025,1.9719816615848762
Wally Berger,5.981187818029923,3.1036608646827624
Gene Tenace,5.975347592217278,0.36952103216684334
Don Hurst,5.9744026137357835,2.906732146511152
Mickey Tettleton,5.949585541513794,1.0110904784138075
Greg Luzinski,5.94855875904263,2.202092075655294
George Kell,5.9436093918852535,3.203445540065737
Reggie Jackson,5.943569023569023,1.647459312994118
Stan Spence,5.9392429005955565,2.017291137980793
George Case,5.93623104278842,3.327109266943292
Dwight Evans,5.924166666666667,1.8758660053534875
Brad Hawpe,5.922136422136422,1.2676375404530744
Bob Meusel,5.9207772795216735,3.6608857808857813
Tadahito Iguchi,5.90990990990991,2.9115646258503403
Matt Kemp,5.909272581934452,3.0167624521072796
Stephen Drew,5.901989823042455,2.402131782945736
Randy Milligan,5.901234567901234,1.0249641907100469
Lyn Lary,5.896491228070175,1.970164903250405
Sal Bando,5.882002812593868,1.6752398118116802
Miguel Tejada,5.877769385699899,3.3836541708882137
Bill Dickey,5.866722007009777,2.4379605069260246
Jose Bautista,5.8647155969393685,1.47217125382263
Aaron Robinson,5.861717171717172,1.3574678078494873
Bill Mueller,5.861588392516228,2.213574677370938
Ira Flagstead,5.857019449617215,1.903503286045006
Jim Bottomley,5.856730580459394,2.7929365079365076
Jay Buhner,5.848885329061541,1.2976977307777042
Paul Konerko,5.848810960169214,2.4858393998260175
Sparky Adams,5.844839337165255,2.5185830429732863
Chase Headley,5.844047619047619,2.342857142857143
Joe Medwick,5.842403628117914,4.208364578125868
Hersh Martin,5.842105263157895,2.555397849462366
Marty Barrett,5.833629487589218,2.294358899803205
Bobby Higginson,5.831282664540704,2.1090657243199615
Juan Gonzalez,5.824920938108619,3.1187845229988405
Derrek Lee,5.823031109193749,2.192187407275533
Chet Lemon,5.815256008359458,2.004436254436255
Baby Doll Jacobson,5.809804513954757,3.3715138785931966
Eric Young,5.806214850824517,1.984719027275715
Monte Irvin,5.802476972865322,1.7490391057512606
Lyman Bostock,5.793393032166087,3.514261884904087
Vern Stephens,5.791235521099213,2.2367131549189594
Steve Sax,5.781035316884374,3.1569732118199396
Jerry Remy,5.780898876404495,3.445662100456621
Lance Richbourg,5.780861693998706,4.154774193548387
Shawn Green,5.777115526122149,2.4450439648281375
Marty Cordova,5.7609459891339085,1.9301587301587302
Jim Edmonds,5.749944629014396,2.026996018087332
Josh Willingham,5.749772520473157,1.7266480009930045
Wally Moon,5.747077409162717,1.871208269784782
Albie Pearson,5.7465753424657535,1.4588490692765304
Bill North,5.7458597493356764,1.5127270855848902
Eddie Joost,5.742359214462219,1.4044887278582932
Julio Franco,5.742295589369629,2.5420406600464402
George Grantham,5.736336580086579,2.107370737073707
Gary Matthews,5.734079788563878,2.138580931263858
Jack Burns,5.733893190688163,3.5150659133709983
Dave Winfield,5.731994089723035,2.3956717027358105
Lou Brock,5.728189300411522,3.5898070525615435
Del Ennis,5.724809990686166,2.689992088199666
Frank McCormick,5.722948089900879,3.323891558898873
Carlos Lee,5.716624451198919,3.0549050221181364
Duke Snider,5.7044150023330245,2.1008608710855903
Gil McDougald,5.698373983739837,2.1697191697191696
Fred Schulte,5.694845857418112,2.5392156862745097
Lefty O'Doul,5.694765926389323,3.0072974110247386
Jimmy Dykes,5.691507305837011,2.1396261756735213
Ellis Burks,5.688992731048806,2.4074446680080483
Jerry Priddy,5.684606481481481,2.363878676470588
Ryan Klesko,5.682898216107634,1.8632653727160928
Gil Hodges,5.671344620585924,1.9499663299663297
Jose Vidro,5.66926016926017,2.7519675446504714
Juan Pierre,5.666145225994295,2.837348979308429
Jayson Werth,5.656702898550724,1.690803015404785
Bruce Campbell,5.655914441573356,2.22801876486087
Shane Victorino,5.655292988967155,2.605815090649214
Mike Kreevich,5.649509005296481,3.2197873684993126
Wally Judnich,5.6415770609318985,2.240079365079365
Joe Torre,5.64111358829246,2.730810305700173
John Kruk,5.6310086682427105,1.684251891148443
Brian Downing,5.627846527660055,1.5920469272218811
Chick Hafey,5.626399357363826,3.4109287295263386
Steve Kemp,5.625426956918669,2.061964874547133
Bob Elliott,5.624875124875125,2.1856435643564356
Tino Martinez,5.622851153039832,1.9544770504138451
Marcus Giles,5.618984126984127,2.2422612832115094
Carl Crawford,5.618982682047155,3.4071186816845143
Pete Reiser,5.617392883079158,1.3313131313131314
Willie Kamm,5.616437045541524,1.996299342105263
Willie Jones,5.614987080103359,1.565544653615636
Corey Hart,5.609098317689649,2.8786618497958707
Doc Cramer,5.592531394580303,3.4069114416142736
Orlando Cepeda,5.588328976496633,2.816139432951246
Pablo Sandoval,5.585087719298246,3.055072463768116
Cookie Lavagetto,5.576203416149068,1.4224170791375095
Raul Mondesi,5.567265973038469,2.8274633123689727
Curt Walker,5.566510172143975,2.7347417840375585
Garrett Atkins,5.564461407972858,2.3716356107660457
Andre Thornton,5.562762870001927,1.28703470953209
Dale Murphy,5.5602884832093755,2.118141289437586
Edgar Renteria,5.5584574106015845,2.4717796741301723
John Jaha,5.557575530866967,1.368354736646194
Mickey Vernon,5.552970531726426,2.551264046273418
Amos Otis,5.55172109443954,2.744643900264404
Carson Bigbee,5.549870680736603,2.434525192932273
Joe Gordon,5.5471758664955075,2.1887415207861456
Ken Boyer,5.5444799432019884,2.7516903088956646
Cecil Cooper,5.534640522875818,3.226481523068094
Ivan Calderon,5.533077660594439,2.1642205638474294
Johnny Hodapp,5.53227597849749,3.7663704644028346
Hank Thompson,5.531159057296885,1.3655591074945914
Darrell Evans,5.527806190097361,1.2931945722491485
Lyle Overbay,5.5231715652768285,1.540364550702119
Frankie Crosetti,5.520642059070679,1.9152075071877876
Dixie Walker,5.517450029645151,2.1430500551633536
Ron Cey,5.50781655149125,1.5156579428109918
Gene Woodling,5.505632493389517,1.4020050125313281
Yunel Escobar,5.501046594982078,2.0343434184922478
Odell Hale,5.496987951807228,2.194709061203971
Dan Uggla,5.490471931035926,1.8556214317083883
Billy Goodman,5.488698756710828,2.2709801867736
Dave Parker,5.484739436648842,3.0789553683191855
Edwin Encarnacion,5.484567901234567,1.938955468846773
Larry Hisle,5.483699110420012,2.1516339869281045
Carlos May,5.483592400690846,2.2558654271801686
Dave Cash,5.483333333333333,3.1318681318681314
B.J. Upton,5.482175768133505,1.9359018619108308
Mike Lowell,5.47844604223345,2.523326690447591
Ray Durham,5.474869409901257,2.3857736583435036
Roy White,5.4747023809523805,1.864474504197368
Johnny Lipon,5.473520249221184,1.6190476190476188
Tim Naehring,5.470588235294119,2.4287461773700305
Earl Webb,5.464444444444443,1.7139303482587065
Jim Russell,5.459157400333871,1.6696023542922767
Don Baylor,5.4564814814814815,1.7853724053724054
Bip Roberts,5.444052127337116,2.164584330968032
Norm Cash,5.442910447761194,1.6047878396258346
Willie McCovey,5.441292356185973,1.26055923473142
Chad Curtis,5.437512378688848,1.6585419411506368
Darryl Hamilton,5.433568806400188,2.4655045194613536
Rico Carty,5.4327256944444455,2.4686572700296736
Eric Davis,5.430800653594772,1.7863926969735588
Dick Dietz,5.423948220064726,0.4817518248175183
Billy Johnson,5.421735604217356,1.872495446265938
Pat Burrell,5.420585192951983,1.3624389304465934
Dexter Fowler,5.416666666666667,1.982608695652174
Cesar Tovar,5.414780718578187,2.6367941712204006
Rusty Staub,5.414759843331272,2.0674279499728114
Carl Furillo,5.410997096607406,2.5251080348641324
Sean Casey,5.407562045797341,2.8220702333391237
Heinie Sand,5.4042343576694725,1.921015501717256
Fresco Thompson,5.39559748427673,2.8967629046369208
Jhonny Peralta,5.388179103544236,2.1838631765639063
Felix Millan,5.382103585657371,2.8399202420242027
Tom Tresh,5.378579610538374,1.337828837828838
Gene Richards,5.3776908023483365,2.736406619385343
Robin Ventura,5.37734875460369,1.639102623528321
Al Dark,5.37160771102377,3.392270531400966
Dick Siebert,5.366959064327485,2.7912772585669785
Jimmy Rollins,5.364430358600117,2.665684251891148
Pat Duncan,5.363025210084033,3.275622831914223
Tony Lupien,5.360256410256411,2.6487673083417764
Babe Herman,5.358367626886146,3.07826486596028
Rick Burleson,5.356383341867214,2.580352653882066
Bill Doran,5.354978354978354,1.8299584631360333
Troy Tulowitzki,5.3515669515669515,3.088659147869674
Jay Bruce,5.341391941391941,2.147256108156953
Danny O'Connell,5.333582834331337,1.7689393939393938
Dusty Baker,5.331710799584632,2.6619495768047514
Andres Galarraga,5.3282247765006385,2.423916571226768
Pepper Martin,5.308712121212121,2.209881422924901
Placido Polanco,5.308547008547008,2.849595572461563
Kelly Johnson,5.304993226490811,1.6855345911949688
Paul O'Neill,5.301909343984508,2.4712416144286813
Martin Prado,5.300564971751412,2.953051643192488
Curtis Granderson,5.290539243907119,1.640655373507359
Floyd Robinson,5.290464723901256,1.4507071780789562
Jody Reed,5.282926829268292,2.046609456503449
Rip Radcliff,5.279739539401375,3.3455964039720385
Darryl Strawberry,5.263860205720671,1.5859071650379108
Vernon Wells,5.263205930673402,2.514272190170305
Milton Bradley,5.26171592775041,1.5967013908190377
Cecil Fielder,5.2570438621940765,1.6788510903866989
Harvey Kuenn,5.255037912795163,3.282794575743709
Carlos Guillen,5.252895148669797,2.403096903096903
Melky Cabrera,5.249098684135703,2.372117066815559
Jigger Statz,5.246053018280139,2.4817536264904683
Jose Offerman,5.242817091422669,2.025638471912982
Carlos Gonzalez,5.238888888888889,3.1097345132743364
Bill Tuttle,5.234567901234568,2.1110784889410845
Kal Daniels,5.231770833333333,1.7193810463041233
Richie Zisk,5.227534950448488,2.2140712084453478
Alan Trammell,5.226685065961811,2.1972534484631256
Carlos Pena,5.2180238483489605,1.2162070328909975
Pinky Whitney,5.213479415670651,2.862179487179487
Bill Melton,5.21172203130966,1.7582222222222221
Mike Lansing,5.207521954944635,2.7024217066058074
Bucky Harris,5.206740389678778,2.265633646928611
Darin Erstad,5.206284153005464,2.6501626545217953
Carlton Fisk,5.198425971858046,2.202014763010641
Bob Horner,5.189298818942782,2.341219596563196
Fred Lynn,5.182612938514706,2.323343373493976
Ken Griffey,5.177150818530129,2.2905103668261564
Vince Coleman,5.175295556461475,2.1686787391012743
Tony Fernandez,5.1729259987483305,2.800888738111045
Earl Torgeson,5.168010752688172,0.8764335651033893
Cesar Cedeno,5.1670140023972975,2.577053140096618
Kevin Mitchell,5.1666519810849705,2.0645447645447645
Tom Herr,5.165761871830337,1.962191196406649
Don Buford,5.164251207729468,1.778427385188951
Michael Bourn,5.16010498687664,2.640964729086901
Ray Lankford,5.156755638194972,1.7766030519455178
Richie Sexson,5.156228956228957,1.7377049180327866
Al Oliver,5.147233698384594,3.30804698879772
Joe Foy,5.1472148541114064,1.444051453109424
Luis Aparicio,5.146915378976883,2.3429501796887826
Jermaine Dye,5.14052614052614,2.519625603864734
Jeromy Burnitz,5.136298357809895,1.5271027948659528
Bobby Murcer,5.1357944263481725,2.0868319431572444
Wally Joyner,5.135646783630396,2.467717937592653
Mark McLemore,5.135555555555555,1.713174262408027
Travis Fryman,5.1333666333666335,2.4979035639413
Frank Demaree,5.132796008443677,2.610560449726496
Beau Bell,5.127521008403361,2.429193899782135
Torii Hunter,5.1254069355980185,2.4769863040928697
Randy Winn,5.125034965034964,2.326851990456079
Todd Zeile,5.122315592903829,1.8019529680788604
Tommy Harper,5.112243687510591,1.5931490603904397
Bobby Bonilla,5.112181588177793,2.02327183398612
Leon Durham,5.1121428571428575,2.220779220779221
Dale Mitchell,5.111111111111111,2.74685534591195
Jerry Browne,5.110975751247245,1.782626965152503
Ken Caminiti,5.106214689265537,2.0248236570808467
Bill Bruton,5.101254480286738,2.3196992864424058
Scott Podsednik,5.097392638036809,2.4482003129890453
Dick Groat,5.094408875003361,2.688846335697399
Dave Hollins,5.0875855327468225,1.5160148174059673
Russell Martin,5.086384607519872,1.6770339079478866
Pete Fox,5.084954346963081,3.581164449585502
Eric Chavez,5.083312747671247,1.893476191388905
Randy Velarde,5.0831429876656005,1.9214798151750971
Jeff Cirillo,5.079391339869281,2.0419805962359154
Maury Wills,5.076542093630701,2.5099846577183174
Damaso Garcia,5.073795180722892,3.95995995995996
Willie Stargell,5.0735696023979555,1.6827224878072338
Shane Mack,5.071929551795323,2.1442181190859144
Marty McManus,5.070673952641166,2.6738845916521092
Eddie Lake,5.070394064596384,0.545957455915083
Eddie Moore,5.066666666666666,1.9145466405740377
Aubrey Huff,5.064608032349969,2.2816698124841928
Bob Allison,5.064068100358424,1.1995055902016967
Troy Glaus,5.059699170124481,1.579835336396842
Frank Howard,5.059012605419791,1.5965381660414877
Reggie Sanders,5.058289536550406,1.9366013071895425
Boog Powell,5.051330698168048,1.5200886541544847
Orlando Hudson,5.050505050505051,2.579365079365079
Jason Bartlett,5.048565121412803,2.218944102548401
Rocco Baldelli,5.0433729886372305,2.653571077709009
Cass Michaels,5.0414673046252,1.4461838974034096
Andruw Jones,5.038627269929209,1.6214416896235078
Butch Wynegar,5.0377222012763045,1.444226579520697
Tony Bernazard,5.035852713178294,1.7989749713887644
Delino DeShields,5.031155224703612,2.0086898395721926
Sam Chapman,5.026638950405766,2.1515069569888983
Tony Oliva,5.026046540645081,2.9818959258687614
Melvin Mora,5.024097617188952,1.9598546157479924
Homer Summa,5.023324851569126,2.8412698412698414
Johnny Ray,5.018816416013852,3.0529962034260394
Mark Grudzielanek,5.015298021092547,3.3095582868310145
Buster Adams,5.011313131313131,1.9837693798449614
Davey Lopes,5.00629371424026,1.714382703842858
Curt Flood,5.004535777098954,2.7803711686244212
Casey Blake,4.9990610328638505,2.1449754278935775
Billy Rogell,4.997336334051815,1.6539297767393562
Mitchell Page,4.993939393939393,1.780045351473923
Ken Keltner,4.993471006268916,2.2134186552634083
Steve Finley,4.992439828696916,2.1164810203149234
Matt Wieters,4.988955823293173,2.087227414330218
J.T. Snow,4.984934968413229,1.4737129525644208
Miguel Montero,4.984018575150074,1.9587187557015142
Jorge Posada,4.9838283764458255,1.5014084472323752
Bill Nicholson,4.98263713472839,1.6156221515337537
Marv Owen,4.980032691323014,2.6229500693890806
Roger Maris,4.977777777777778,1.8218029350104823
Wes Parker,4.976974861665271,1.7703994561313134
Coco Crisp,4.976037011318247,2.6428845416187188
Austin McHenry,4.974020156774916,2.3884057971014494
Ralph Garr,4.96499150496289,3.737836524238198
Joe Randa,4.961711711711712,2.4271153846153846
Jimmy Brown,4.961156312414591,2.4771124108140685
Brad Wilkerson,4.958803159628631,1.2153866248693836
Doug Mientkiewicz,4.9574137931034485,1.3861693861693862
Freddie Lindstrom,4.954505416108556,3.7519992140681797
Rico Petrocelli,4.952747965083611,1.629101153355325
David Segui,4.946381986807519,2.2566614783867185
Jeff Frye,4.945911949685534,2.5339270568278205
Jeff Burroughs,4.943833943833944,1.4522261623325452
Tony Boeckel,4.940888888888889,2.9344296624784434
Michael Cuddyer,4.938716552214066,2.293904171303335
Kirk Gibson,4.937728937728938,1.6163793987893713
Sammy Sosa,4.930662200767415,2.2622188591958268
Andre Ethier,4.925460223537146,1.7838968165307143
Don Hoak,4.921535285856894,1.8842684580691962
Aaron Hill,4.906895846122365,2.7008581389112365
Lloyd Moseby,4.901014510150557,1.918544625658712
Morrie Arnovich,4.89983164983165,2.2601626016260163
Zeb Terry,4.899361861861862,1.748768472906404
Mike Cameron,4.895105254827477,1.667636497869056
Al Martin,4.893855606758833,2.270881895881896
Roy Campanella,4.893397745571659,1.9304765718594004
John Valentin,4.89162381768552,2.2853637300445815
Ryan Theriot,4.886133221617093,2.328355939295592
Phil Cavarretta,4.883729361892012,2.0046673483524096
Lance Johnson,4.880333875657528,2.972365998108794
Jose Cruz,4.876432151808092,1.9839330165195748
Mark Whiten,4.872689485150786,1.3930775909700845
Bill White,4.868321340495254,2.1620579855873974
Cliff Floyd,4.867064055255938,1.7092592592592595
Bob Watson,4.860014871200554,2.171449337204986
Paul Lo Duca,4.85853066180935,2.1247387669801463
Ted Simmons,4.8558961837583645,2.3946771037181995
Alfonso Soriano,4.846597462514417,2.965827706159198
Ozzie Smith,4.842561830933923,2.061323031863859
Denis Menke,4.842412451361867,1.4357788059043843
Terry Moore,4.839563862928348,2.720276696930393
Cotton Tierney,4.8385321100917436,3.194899817850638
Yogi Berra,4.835237283319125,2.4996203492786635
Brandon Phillips,4.830218544242484,2.6864205400619743
Sixto Lezcano,4.830086580086579,1.7005870841487278
Brian McRae,4.830036883356385,2.0279569892473117
Dick McAuliffe,4.827227759320783,1.5789473684210529
Tony Cuccinello,4.825750563115183,2.042746129711557
Buddy Hassett,4.8229935016512195,2.6623956437135146
Les Bell,4.8208822437010355,2.502702702702703
Matt Williams,4.819689304208083,2.64277169888385
High Pockets Kelly,4.814698312839577,2.9863878045497376
Bake McBride,4.814233179481406,2.7204925972049256
Charlie Grimm,4.813258636788048,2.6369481911637958
Mark Loretta,4.810423825887743,2.385125478762934
George Scott,4.799388926411637,2.250930533640814
Jim Ray Hart,4.797207043108682,1.6000000000000003
Mark Ellis,4.796661942303718,2.1867413632119517
Marco Scutaro,4.79469320066335,2.155727155727156
Gary Carter,4.788807461692206,1.8536175710594314
Garret Anderson,4.78816012778277,3.4213399862602594
Ray Boone,4.783568443051202,1.627997076023392
Carlos Quentin,4.783333333333333,1.3247126436781609
Billy Klaus,4.778751322751323,0.9717379919197966
Norm Siebern,4.777881619937695,1.3278388278388278
Dmitri Young,4.776173754714527,2.476767177459219
Phil Rizzuto,4.774674172015577,1.8691101101032441
Roy Smalley,4.7725293820366055,1.4751629072681702
Ray Blades,4.7691887402745,1.3986695284130535
Derek Bell,4.762448634276045,2.1312741312741315
D'Angelo Jimenez,4.760244648318043,1.7849872773536894
Jay Gibbons,4.7588325652841785,1.688561489666462
Tony Perez,4.756140345546865,2.155400143500912
Harold Reynolds,4.754689754689755,1.98679060665362
Mickey Morandini,4.7524579124579125,2.0036124794745485
Jimmy Welsh,4.750695340501792,2.5717439293598234
Johnny Groth,4.746286393345216,1.6130832573029767
Bing Miller,4.731406274884535,2.597901132283899
Bill Cissell,4.730029585798817,2.9158249158249157
John Stearns,4.728551782502909,1.632023736443626
Rondell White,4.720878136200716,2.6266950656727017
Mike Lieberthal,4.719321608040201,1.8793093037383006
Von Hayes,4.716040507060157,1.9382782793776796
Mike Andrews,4.706885456885456,1.678450633275763
Andy Van Slyke,4.705842937550255,1.8902524893152324
Geronimo Berroa,4.701158429473485,1.536106358711149
Tony Womack,4.694487983281086,2.578957328034819
Willie Horton,4.6933762203411655,2.479793158313445
Harold Baines,4.69313294232649,2.114331408887176
Lonnie Smith,4.6895569309362415,1.9756852907275866
Dean Palmer,4.683333333333334,1.6200990799716914
Greg Vaughn,4.680543457220287,1.3980290777321136
Red Schoendienst,4.6744949494949495,2.7013556618819776
Kevin Millar,4.670050256257153,2.1249820811422655
Deion Sanders,4.669595818454691,2.136200716845878
Chris Chambliss,4.664343232525051,2.507664096217627
Gene Baker,4.663146113146113,1.8345774345774346
Lew Fonseca,4.656378600823046,3.0307692307692307
Don Blasingame,4.654817888427847,2.1897353450408112
Bump Wills,4.653273956090858,1.9302832244008714
Chris Young,4.651898734177215,1.5032840722495895
Tommy Davis,4.644755323332771,2.7561359867330015
Clyde Barnhart,4.641025641025641,1.3998082454458294
Wally Gilbert,4.638364779874213,2.066666666666667
Dave Roberts,4.63187164554071,1.7396380085487122
Frank Bolling,4.628885736904604,2.165828267762331
Adrian Beltre,4.628807202583082,2.7551666426444097
J.J. Hardy,4.626190476190476,2.099962839093274
Warren Cromartie,4.625066656971107,2.1596228086829945
Bert Campaneris,4.624815223573512,2.294948846216545
Glenn Beckert,4.62254120148857,3.017094017094017
Dave Nilsson,4.61936936936937,2.056437389770723
Ted Kluszewski,4.618636194723151,2.4283536585365852
Drew Stubbs,4.616666666666666,1.3669669669669668
Andy High,4.615151515151515,1.8538559032855613
Joe Stripp,4.613727858293075,2.8558579846079843
Brooks Robinson,4.613160291438979,2.1806451612903226
Delmon Young,4.612718505123569,2.925728920409771
Brian McCann,4.612630054619005,1.8993008906802011
Joe Cunningham,4.612380952380953,1.0810376492194675
George Bell,4.612252160650737,2.6635818296929408
Eddie Waitkus,4.60851438030209,2.300704992802077
Omar Vizquel,4.608396082484375,1.8801679029383014
Johnny Callison,4.607982740021575,1.9900162999185005
Chris Hoiles,4.605487228003785,1.2369668246445498
Andre Dawson,4.602687980930981,2.3786416964637462
Hank Blalock,4.600768342832407,2.110405931883876
Hank Bauer,4.600055570179287,2.073649207593173
Alex Rios,4.59926524632407,2.5765046624825225
Austin Kearns,4.598982572231918,1.3565179352580927
Hank Leiber,4.5973794723794725,1.9343698537246923
Tony Gonzalez,4.593717963489827,1.8689024390243905
Hoot Evers,4.5914671577655,1.839594704812096
Richard Hidalgo,4.582259525894587,1.431141774891775
Charlie Neal,4.5819010049779285,1.614247421389443
Travis Lee,4.575608216912564,1.5888203017832645
Jackie Hayes,4.571202218261042,2.215876715876716
Grady Hatton,4.567271973466004,1.1656879705660195
Larry Parrish,4.565898791540786,1.9467199467199467
Jerry Lumpe,4.563092701264357,2.134920634920635
Morgan Ensberg,4.562556273243296,0.9717995679534143
Andy Pafko,4.562222222222222,2.238095238095238
Orlando Cabrera,4.560634811109194,2.34705727104777
Bret Boone,4.556708555737682,2.3433238902519595
Babe Dahlgren,4.555945954241821,1.7392965910207288
James Loney,4.553230209281165,2.0787037037037037
Doug DeCinces,4.552569638966698,1.8723406333162431
Kurt Suzuki,4.550918579639621,1.8285051754268047
Hank Majeski,4.550744878957169,1.2741100323624595
Davey Johnson,4.550661311914324,1.7255268254150262
Asdrubal Cabrera,4.543715846994535,2.4186494815214705
Harry Walker,4.54302633462144,2.07815393309766
Ben Zobrist,4.541439153439153,2.0938265017889646
Vince DiMaggio,4.539763113367174,1.5076923076923077
Buck Jordan,4.536231884057971,2.5065261044176705
Lamar Johnson,4.535655058043118,2.215863453815261
Goody Rosen,4.532608695652174,2.4454828660436134
Adam Jones,4.532438878950507,2.9701996927803376
Bill Lamar,4.531011376032414,3.338822260295704
Greasy Neale,4.530219274000369,1.7842563964690594
Keith Moreland,4.52580208627641,2.11938711183473
Darren Daulton,4.523569023569023,0.898166023166023
Eric Karros,4.522004357298475,2.339447102604997
Jim Gentile,4.521658986175115,0.9862929914959574
Frank Malzone,4.52109885620915,2.5060722275487377
George Harper,4.519980122190066,2.160352392705334
Bibb Falk,4.518928474365694,2.4617449056583673
Ossie Bluege,4.51885401553772,1.9880169498431324
Jim Fregosi,4.518849840255592,1.5673199094022763
B.J. Surhoff,4.511552490153853,2.2000260926288324
Marquis Grissom,4.5103377029498395,2.484143413051328
Gus Felix,4.508734249713631,1.6753674095607236
Aaron Boone,4.508680555555555,1.6004869411243912
Moose Solters,4.504761904761906,2.3823178016726407
Kelly Gruber,4.504549228337144,1.5887466441924005
Ernie Banks,4.502481644295039,2.093868653392463
Otis Nixon,4.499354005167959,1.7540774719673802
Shea Hillenbrand,4.497188139059305,3.305358550039401
Mickey Rivers,4.496847700828965,2.8803642048400704
Devon White,4.4950248756218905,1.9883156966490299
Ripper Collins,4.492971887550201,2.192663476874003
Mark Reynolds,4.487012987012987,0.8764227642276422
Felipe Lopez,4.483416252072968,1.8914887393974844
Jeff Francoeur,4.48341384863124,2.176
Joey Cora,4.476393976393976,1.868288144603934
Steve Garvey,4.474466087432812,3.182969306757853
Travis Jackson,4.467843406353844,2.6795357104092044
Tom Oliver,4.449019607843137,2.8739273927392737
Carl Reynolds,4.4487406782045875,3.141266764162387
Ron Gant,4.448293094496365,1.3779492642127276
Cristian Guzman,4.447491510940206,2.5030730206171077
Matty Alou,4.44688083308773,3.150107101664195
Johnny Bench,4.446217494089834,1.8757668711656441
Ival Goodman,4.444444444444445,2.2248535777947547
Ryan Freel,4.439888317786661,1.691919191919192
Jeff Blauser,4.4393939393939394,1.2437310030395137
Gee Walker,4.438924274593064,2.7748402731879267
Kosuke Fukudome,4.429477824354397,0.8751248751248752
Bill Virdon,4.429147586124331,2.020329951234859
Brook Jacoby,4.424915824915825,1.9222222222222223
Jeff Conine,4.421995531067118,1.8722666997947897
Freddy Leach,4.420180722891566,3.4250440917107583
Willie Upshaw,4.416465771071034,1.7488791844202847
Whitey Lockman,4.415379665379665,2.0121951219512195
Thurman Munson,4.4137684195823725,2.2888888888888888
Hal McRae,4.410016931563711,2.204730229120473
Don Johnson,4.404598490048044,2.0768115942028986
George Foster,4.40392156862745,2.0434999109417715
Dante Bichette,4.403880070546737,2.6506497948016423
Tom Brunansky,4.403141393799259,1.4801174991662176
Trot Nixon,4.402116402116402,1.6822916666666667
Vic Wertz,4.3993527508090615,1.5066666666666666
Nate Colbert,4.3988764044943816,1.493946440846533
Johnny Wyrostek,4.396966115051221,1.8251001262461364
Vada Pinson,4.395809824719778,2.5567330677290836
Jim Lemon,4.39283571280778,1.7832040644540645
Roy Sievers,4.389451476793249,1.5030321229002075
Pete O'Brien,4.388055231976655,1.6982404169904168
Kevin Young,4.387702265372169,1.531793842034806
Billy Urbanski,4.3819513819513825,2.382235528942116
Pat Tabler,4.377776135822537,1.8967360797208705
Luis Polonia,4.376114081996435,2.182592043489004
Pokey Reese,4.375376634672134,1.6320153903012065
Ruppert Jones,4.374204227145404,1.2878136200716845
Pinky May,4.366444541020813,1.796869796869797
Jay Bell,4.363003887865766,1.7072357562553642
Cleon Jones,4.362033940294809,1.9344990239397113
Bill Buckner,4.3618302227573755,2.5403846153846152
Ed Sprague,4.361334167933471,1.6059130996433335
Aaron Ward,4.359873242226183,1.5669398907103824
Alberto Callaspo,4.356771697070204,2.078963230861965
Raul Ibanez,4.355749746707193,2.1509326845093266
Hal Lee,4.353535353535353,2.088649296196466
Wayne Garrett,4.351195517966481,0.7909109860329372
Alan Wiggins,4.349206349206349,2.32010582010582
Rick Ferrell,4.348236339817322,1.5921170804716773
Al Bumbry,4.345776606646172,2.2436841659968696
Gabby Hartnett,4.338973744634122,1.8600673400673402
Dan Driessen,4.326411657559199,1.3055019748323688
Ivan Rodriguez,4.324420650658067,2.757551210013793
Nelson Cruz,4.32277318640955,2.147836912542795
Danny Taylor,4.320227920227921,1.553999377528789
Bernard Gilkey,4.319911368522663,1.5482547886895712
John Briggs,4.316218623304812,0.9181850660950338
Robby Thompson,4.316165951359085,1.4443706164636396
Kevin McReynolds,4.3059701492537314,1.784181636726547
Ted Sizemore,4.2990956072351425,1.8942394786883094
Eddie Robinson,4.298268204715491,1.2976256476256478
Jim Tabor,4.298148148148148,2.1711309523809526
Mike Marshall,4.2968936678614105,1.8286868686868687
Darrell Porter,4.29575015060452,1.0249337372207497
Todd Walker,4.293781777899561,2.2697000508388405
Bill Knickerbocker,4.291411813992458,2.1837837837837832
Bill Freehan,4.289752863170585,1.4935335067688011
Roberto Kelly,4.28593245735362,2.5184789163040824
Mike Epstein,4.2834962682644795,0.8849501996402088
Phil Nevin,4.282615629984051,1.7713099474665308
Jason Varitek,4.281439373134875,1.2815726086719772
Ellis Valentine,4.275701717637202,2.567878664239533
Conor Jackson,4.272385620915032,1.8340459347170757
Howie Kendrick,4.26933269476373,2.89734087866618
Gorman Thomas,4.268932045549643,0.7708333333333334
Walt Weiss,4.268490176739335,1.2801674477280232
Granny Hamner,4.2679107679107675,2.374242424242424
Mark Kotsay,4.262865497076024,1.9280701754385963
Eddie Brown,4.260620915032679,3.414064963733838
Jeff Keppinger,4.259661375661376,2.3062700740120095
Hubie Brooks,4.2578397212543555,2.243990251467819
Chris Sabo,4.256901840490798,2.4233352523507965
Julio Lugo,4.252525252525253,1.8317829457364339
Stan Lopata,4.2486739995951135,0.7487271276248796
Scott Brosius,4.246153846153846,1.392023346303502
Dusty Cooke,4.245755305867665,0.09879879879879876
Harvey Hendrick,4.243221539914974,2.2509971645612477
Dan Ford,4.242264752791068,1.960503472222222
Garry Maddox,4.237205935577271,2.68981944684032
Tony Piet,4.236752136752137,1.7829218106995885
Willie Aikens,4.233820555249127,1.2578833022967102
Johnny Rizzo,4.228382838283829,1.1546218487394957
Greg Brock,4.228107344632768,1.1668600902643456
Ryan Ludwick,4.2250000000000005,1.4909090909090912
Gene Moore,4.223850223850224,1.324561403508772
Carlos Garcia,4.222222222222222,2.4581056466302367
Oscar Grimes,4.222222222222222,0.9558948261238339
Vic Power,4.221040785595284,2.8225272585669785
Frankie Gustine,4.220683531479992,2.0662430096593796
Adam LaRoche,4.219797672432201,1.5485051165023318
Alexei Ramirez,4.2180827886710235,2.268737672583826
Willy Taveras,4.21774453024453,2.6023205432654257
Ty Wigginton,4.217391304347826,1.5623582766439912
Don Money,4.210561056105611,1.7956230783143425
Don Wert,4.21043771043771,1.2496732026143793
Joe Adcock,4.20924359419284,2.0187396351575457
Vinny Castilla,4.207834331337325,2.500599600266489
Rodney Scott,4.204597701149425,1.171289055711952
Mike Stanley,4.204323618462428,0.9406407081104865
Johnny Burnett,4.201754385964912,1.4610155610155608
Tim Wallach,4.199028736620559,1.8110982600824703
Tony Taylor,4.197976048433426,1.7331267217630855
Jim Delsing,4.197412823397075,1.1250939109701512
Bill Regan,4.19717553688142,2.254879156737113
Dick Howser,4.196412948381452,0.9745934959349594
Ellie Rodriguez,4.193236714975845,0.18323586744639386
Horace Clarke,4.18976430976431,2.2901971674534853
Erick Aybar,4.185470085470086,2.2247497725204735
Brian Jordan,4.184014053579271,2.2034858387799567
Cody Ross,4.181437872702933,1.7567164179104477
Johnny Mokan,4.18078078078078,1.411764705882353
Gus Bell,4.17877597774505,2.2483847407157707
Bobby Richardson,4.178607447070944,2.861023614067092
Brad Fullmer,4.175969931351536,1.9178055060408
Junior Felix,4.1702262903635905,2.047619047619048
Hank Sauer,4.169123669123669,1.5298831070889893
Jerry Mumphrey,4.168679171981059,1.7856310061097294
Jesse Barfield,4.161157024793389,1.360372340425532
Adam Lind,4.1608387799564275,2.075948624025547
Luke Scott,4.159722222222222,1.2853145044485828
Bob Nieman,4.155872449990097,1.3093220338983051
Willie Wilson,4.15476977307777,2.3400641025641025
Glenn Davis,4.154049654049654,1.7324749642346209
Don Heffner,4.151960784313726,1.1962962962962962
Howard Johnson,4.141520280206412,1.3777030411114073
Leo Gomez,4.141284403669725,1.2560975609756095
Jose Cardenal,4.139983367931759,2.1715266831221416
Willie Tasby,4.139002135507668,1.4226666666666665
Rico Brogna,4.138996138996139,2.289705882352941
Ken Henderson,4.138345480117632,1.1698099415204677
Angel Pagan,4.138020833333333,2.3960746460746463
Doug Rader,4.1374603275470685,1.5435066780335323
Jim Landis,4.1313131313131315,0.8785448122338367
Julio Cruz,4.127856025039123,1.2137073452862925
Felipe Alou,4.126797385620915,2.4095178719867003
Joe Carter,4.12512834248471,2.162081202800243
Rick Monday,4.121338724304868,1.1986996551916826
Ronnie Belliard,4.119689658435046,1.6076494427558259
Irv Hall,4.113311331133113,2.0633608815426996
Freddy Sanchez,4.110794801012193,2.6671828843293177
Mel Almada,4.109433962264151,2.164141414141414
Carl Everett,4.108597356605324,1.8805860327412052
Al Cowens,4.103314824162881,2.0960500142085823
Danny Cater,4.100316536280796,2.207024077553761
Doug Glanville,4.099130048368628,2.509576342603233
Ben Oglivie,4.094011686201294,1.8986998484485922
George Hendrick,4.092592592592593,1.8733984136668702
Pete Ward,4.091649263255598,1.3496985261691143
Babe Young,4.084010840108401,1.255799755799756
Javy Lopez,4.078037904124861,1.9273373983739839
Earl Battey,4.076287824836272,1.7595881757924705
Scott Fletcher,4.075574242523396,1.7865258684041772
Chuck Schilling,4.07336975194118,1.6244208409826035
Ruben Sierra,4.073251028806584,2.18349469801752
Tito Fuentes,4.070060051472691,2.5244444444444447
Russ Wrightstone,4.067229038854806,2.0341756563716076
Adolfo Phillips,4.064831804281346,1.0862170628339782
Mark Teahen,4.063901689708142,1.6391875746714455
Hughie Critz,4.05668016194332,2.6872802812400125
Damion Easley,4.044883040935673,1.249111720405028
Bernie Carbo,4.040489642184558,0.7538677918424753
Rich Aurilia,4.040295075684997,2.0335765587598282
Paul Schaal,4.031254401273691,1.427381483441052
Jose Guillen,4.029863907162537,2.071243153111561
Scott Cooper,4.02763299013299,1.4256110725576374
A.J. Pierzynski,4.026793222854316,2.08625063419584
Geoff Jenkins,4.0260146851827665,1.6983741716751428
Bob Bailey,4.020033350583636,1.2806125096548258
Erubiel Durazo,4.018710036141229,1.4953293194672506
Eric Byrnes,4.017570281124498,2.1354775828460038
Fernando Tatis,4.016265661448188,1.6557384738051686
Jeff King,4.015802515802516,1.6466768823208582
Danny Litwhiler,4.015122764648382,1.9910936748436747
Leon Wagner,4.011575777852125,1.2130113563040392
Johnny Grubb,4.008130081300813,0.8655555555555554
Joe Ferguson,4.00730755549976,0.7364761291799918
Jorge Cantu,4.006867126158196,2.2679070374722547
Mike Devereaux,3.998076299077551,1.7061756808592252
Wally Westlake,3.997835497835498,1.7351851851851852
Dick Gernert,3.9853479853479854,0.6701328291642428
Jim Lefebvre,3.9841863891265086,1.3473304879383392
Walt Moryn,3.980607602745007,1.1457892174759645
Leo Cardenas,3.977777777777778,1.6134352373290426
Tony Kubek,3.9777002133023074,2.960675883256529
Rob Deer,3.973239436619718,1.0464354641773996
Ozzie Virgil,3.970978441127695,0.9027777777777777
Curt Blefary,3.9709367527878285,0.8003846503710058
Jose Valentin,3.9668073136427573,1.1885167464114834
Terry Pendleton,3.9663299663299667,2.3000933706816062
John Castino,3.963751147842057,2.1190268065268065
Dave Concepcion,3.962872709590434,2.088981385051486
Troy O'Leary,3.961679576029351,1.7897435897435896
Billy Jurges,3.959769911921247,1.6029457203467994
Frank Thomas,3.9546798029556647,1.9140580208691664
Tony Conigliaro,3.954219019462922,2.1649999999999996
Alex Johnson,3.952405774295425,2.293347114101831
Ronny Paulino,3.9478991596638657,1.4829931972789112
Bubba Trammell,3.946177370030581,1.3432254879623298
Gary Redus,3.938258741810719,1.1351802731113076
Willie Davis,3.9357267938621994,2.4504830917874396
Willie Montanez,3.9316265664792964,2.3006168214988585
Tommie Agee,3.9312796926507656,1.7527242872070457
Yadier Molina,3.931134259259259,2.03702294915684
Elmer Valo,3.930359174386478,0.7166717125845192
Juan Encarnacion,3.9263888888888885,2.1100999830537197
Ron Fairly,3.923898531375167,1.1812064277698975
Daryl Spencer,3.9173514953656796,1.0866627951993806
Chico Carrasquel,3.916348357524828,1.3885017421602788
John Romano,3.911926147704591,0.7708803182542816
Mike Bordick,3.9104680242943908,1.5367400565812197
Mike Napoli,3.909672262190248,0.5611753371868979
Jason Kubel,3.906862745098039,1.4431924882629108
Johnny Lindell,3.9067566420507602,1.7604168751709732
Terry Steinbach,3.9043273799371363,1.9843014453519343
Dave Philley,3.9031645569620252,1.5133639866624387
Don Kessinger,3.899980194097841,1.6955892986261751
Lee May,3.8995740876882348,1.9463544728627884
Lou Finney,3.895975825160374,2.424134267157523
Fred Hatfield,3.892262317834837,0.6531225102653674
Lance Parrish,3.892148148148148,1.6901769107139633
Dee Fondy,3.8902116402116405,2.114402697495183
Dan Gladden,3.887081339712919,1.8853923853923853
Graig Nettles,3.88663883327915,1.13593060100774
Steve Henderson,3.885905509162814,1.476813922356091
Scott Hatteberg,3.885634588563459,1.2302367941712202
Jose Cruz,3.8853802305998184,1.3942540356553097
Bernie Friberg,3.8834601521826193,1.432043650793651
Eddie Mayo,3.8833822091886616,1.5230769230769232
Frank Welch,3.882513359130274,1.6441511387163559
Gary Ward,3.8823716577246743,1.8841795437821929
Ivan De Jesus,3.8786848072562354,1.7545989698307578
Richie Hebner,3.8778711484593837,1.2852125874597784
Ethan Allen,3.8765184888532906,2.2215634606938957
Pat Kelly,3.872830872830873,1.367092025839246
Max Alvis,3.8697958476964005,1.8236035644425126
Bill Barrett,3.869162188059826,2.3400878081729144
Adam Comorosky,3.8662498572570514,1.4981253420908593
Don Buddin,3.8646616541353382,0.9603174603174605
Bobby Thomson,3.8633333333333333,1.8101851851851851
Juan Samuel,3.8633333333333333,1.919431760527651
Ron Oester,3.861072243823465,1.8403496013790133
Geovany Soto,3.8593272171253816,1.1097168597168598
Connie Ryan,3.8574353247720086,1.4544467632117033
Charles Johnson,3.857364341085271,1.0819919517102619
Kevin Kouzmanoff,3.8553558460421207,1.6413489736070381
Carlos Ruiz,3.855302262749071,1.2566639466884266
Gary Gaetti,3.843060724335119,1.8408744280630402
Bob Skinner,3.8421828908554567,1.7824202176720163
Joe Rudi,3.840682532957635,1.7526549753346161
Ted Uhlaender,3.8400684961087648,1.7950703496792881
Phil Plantier,3.83768115942029,1.011912527568105
Frankie Hayes,3.8341554330065364,1.666085415120785
Norm Larker,3.8329598506069096,1.1458932566315119
Jeffrey Hammonds,3.830703463203463,1.6053813263099712
Jorge Orta,3.824444444444444,1.9368994056546127
Bobby Kielty,3.823423423423423,0.6035693184582767
Manny Trillo,3.8211697722567286,1.704031070041516
Tom Goodwin,3.81604938271605,1.7528244424796149
Elliott Maddox,3.815028901734104,1.1805555555555556
Terry Puhl,3.813095238095238,1.6983825597749653
Gene Larkin,3.810551558752998,0.9436392914653785
Don Gutteridge,3.8080934938077795,1.8489527763541165
Alan Bannister,3.807041498329094,1.6432384142936904
Max West,3.8065289008685235,1.131347842688049
Ed Charles,3.8001412429378534,1.5287461773700306
Donn Clendenon,3.799596234399966,1.8896713615023473
Larry Bowa,3.797714415839686,2.100175853495846
Marlon Byrd,3.797560975609756,1.9770956470019703
Charlie Maxwell,3.796160862354892,0.9291669301629463
Kazuo Matsui,3.795906432748538,2.086222222222222
Johnny Moore,3.7932159165035877,2.1075581395348837
Chet Laabs,3.790155354927272,1.1746372865261892
Lee Walls,3.787228040480976,1.2590008378162187
Johnny Logan,3.785714285714286,1.6027506333695258
Mike Easler,3.785714285714286,2.186147186147186
Hal Morris,3.7838145971617414,1.8622331122331122
Glenn Wright,3.7817733990147784,2.745841392649903
Frank Catalanotto,3.778723404255319,1.6913658701914926
Ron Northey,3.775082157935137,1.1894273127753305
Debs Garms,3.7742035946455843,1.2947143123022522
Mickey Witek,3.7708333333333335,2.1413398692810457
Dave Stapleton,3.7704402515723268,1.531054131054131
Preston Wilson,3.7692810457516335,1.8816993464052285
Willie McGee,3.768955399221427,2.3652660935084895
Frank Taveras,3.7680509104422146,1.7321314409922006
Chick Fewster,3.765966386554622,0.988271013103228
Johnny Rucker,3.7566137566137567,2.149509803921569
Marty Marion,3.753089835823649,1.7596767813753742
Bud Harrelson,3.7501445922498555,1.1112069461215572
Jim Gantner,3.7479296469366563,1.9518207740762208
Oris Hockett,3.7458810586941045,2.380714748076894
Roy Weatherly,3.742543108370447,1.58125
Clyde Vollmer,3.7423595219933894,0.35886362102705993
Claudell Washington,3.7362283666612073,1.8288418993234983
Rennie Stennett,3.7357580166090805,2.2395263833127577
Scott Spiezio,3.7321889620095896,1.2462113192997009
Jim Piersall,3.7305458768873407,1.9709679901508157
Roy McMillan,3.7303523035230355,1.1807456680627413
Dave Chalk,3.7199016563147,0.9596606458675424
Lenny Randle,3.714878838108769,1.8777552856500226
Dick Stuart,3.712297734627832,1.6892764857881135
Steve Ontiveros,3.7119284447528718,0.997931683213201
Rudy Law,3.705882352941176,1.7520703933747412
Dave Magadan,3.697241482090426,0.5887491264849753
Wally Post,3.696658364466584,1.5290677290836652
U L Washington,3.6959706959706957,1.4362395772736087
Joe Dugan,3.6957983340517164,2.2919496554918646
Jacque Jones,3.6925729585006697,1.907286865181602
George Watkins,3.691106788368497,2.1353232860231834
Dave Henderson,3.689326711935408,1.7253348407344256
Henry Rodriguez,3.6874631669613307,1.4948590381426203
Royce Clayton,3.686353287799651,1.8509099747820013
Juan Beniquez,3.6829686829686827,1.7605533650119638
Jim Northrup,3.6826210826210826,1.721659634317862
Mike Scioscia,3.681345915546659,1.1329038820139006
Johnny Hopp,3.6786374175378165,1.375333994460376
Omar Moreno,3.6756410256410255,1.8025907226484235
Eddie Kasko,3.6746575469942306,1.5323176451247933
Dave Revering,3.6698412698412697,1.9074074074074072
Jack Wilson,3.667948717948718,2.1345439870863596
Garry Templeton,3.6678324411648724,2.289922066053037
Mookie Wilson,3.667423597312896,1.9483405483405483
Mike LaValliere,3.6666666666666665,1.0133638793432607
Steve Buechele,3.6650197628458496,1.3653082549634272
Heinie Mueller,3.663888888888889,1.2609649122807018
Ramon Hernandez,3.6606032439365777,1.4883887349953833
Jeffrey Leonard,3.659247953167656,1.8689966251298025
Johnny Barrett,3.657357700361698,0.4990316700843014
Danny Murtaugh,3.6538461538461537,1.1184738955823292
Charlie Gelbert,3.652439024390244,1.0450980392156863
Wayne Terwilliger,3.65025935025935,1.0168527264920566
Brian Daubach,3.6492194674012857,0.6458832933653076
Jake Powell,3.6483011937557386,2.0417482061317678
Glenn Hubbard,3.645609318996416,1.253125
Solly Hemus,3.640731596774963,0.10832544938505222
Clete Boyer,3.6391534391534393,1.5377247273799
Lou Piniella,3.637302176063304,2.045726245873882
Andy Carey,3.6358024691358026,1.5834300671446453
Khalil Greene,3.632841944563714,1.086211976970851
Al Zarilla,3.6310310310310308,1.5293394777265743
Buddy Kerr,3.628333333333334,1.5321802091713597
Maicer Izturis,3.6282767618147873,1.6230220567237144
Ricky Gutierrez,3.6282692168369195,1.515830941650207
Terrence Long,3.62778247393632,2.239766846909704
Willie Crawford,3.6197411003236244,1.1369486902372496
Luis Alicea,3.618263024435223,0.8175895765472313
Oddibe McDowell,3.6145833333333335,1.5236939060857495
Dave Nelson,3.6134646962233163,1.502408477842004
Gino Cimoli,3.612750130266054,1.549973732597846
Terry Kennedy,3.612265085772871,1.8500263698178598
Jeremy Hermida,3.6109807330146313,1.3927251265803122
Earl Williams,3.608739837398374,1.0398373983739837
Wil Cordero,3.6041666666666665,1.8053318522632604
George Metkovich,3.6029329004329007,1.5119402985074626
Mike Shannon,3.6026936026936025,1.5640030622211665
Thurman Tucker,3.600063492063492,0.6173537871524446
Damian Miller,3.598659003831418,1.336624160153572
Joe Crede,3.597540317902309,1.8660725732063852
Dave Kingman,3.5956005274187093,1.1762592625730806
Billy Hatcher,3.5887364900240435,1.8620339608711702
Glenn Braggs,3.588425654074509,1.4609887008903375
David Bell,3.587726879861711,1.694017094017094
Gene Alley,3.5864816068607532,1.7158284234664212
Roy Hughes,3.5851581508515813,1.5756214435459717
Sonny Jackson,3.582859494239114,1.7333147684024877
Ken Harrelson,3.5705882352941174,0.8115079365079364
Willard Marshall,3.563636363636364,1.6731506041850868
Gordon Beckham,3.5611111111111113,1.4489247311827957
Luke Sewell,3.559177986764194,1.3488649940262842
Peanuts Lowrey,3.5570987654320985,1.407553798858147
Bob Bailor,3.5561488550581934,1.9473163002574767
Bobby Crosby,3.5554445554445557,1.1956824227542462
Jim Leyritz,3.554405231424815,0.6007751937984496
Nyjer Morgan,3.5515723270440254,1.9470486111111114
Jamey Carroll,3.546224519092736,1.119006369006369
Brad Ausmus,3.54383251175704,1.3545249958840564
Gene Robertson,3.5423986511914975,1.8041715152156284
Ken Oberkfell,3.540073775989269,1.0927264760652866
Rich Becker,3.5373230373230373,0.6254761904761904
Kevin Stocker,3.5360886492961967,1.0646832032701596
Bill Russell,3.5339567747298424,1.7049689440993792
Jackie Brandt,3.5314685314685312,1.7447712418300654
Fred Haney,3.5310577328276445,0.8067632850241546
Deron Johnson,3.5255157313314407,1.5625393750315055
Bobby Young,3.5241629146612845,1.5163188232955676
Ken McMullen,3.516731016731017,1.1139068344100647
Bobby Del Greco,3.514124293785311,0.5701671397035634
Don Mueller,3.513008130081301,2.5534883720930233
Jose Lopez,3.5100000000000002,2.351461038961039
Angel Berroa,3.506047336044208,2.0322275240475647
Alex Gonzalez,3.5054778804778812,1.7120362855131406
Rick Manning,3.5037593984962405,1.6844708209693373
Michael Barrett,3.502985074626866,1.4614690669750476
Billy Sample,3.49968253968254,1.563953488372093
Reggie Jefferson,3.497566909975669,1.5276000431542434
Spike Owen,3.4970443349753695,1.0004520540204551
Dan Wilson,3.4960317460317465,1.4853542791687122
Eric Soderholm,3.494136486819414,1.5105138527113426
Gary Matthews,3.4875564152159897,1.1622946796675608
Cookie Rojas,3.487362107314322,1.7216788690887321
Rick Miller,3.48734690866165,1.0576923076923077
Del Crandall,3.4843186681896365,1.455407312100644
Bill Skowron,3.482891204905341,1.9457432545667839
Jason LaRue,3.4793270601653834,0.5590663756492904
Rich Dauer,3.471317829457364,1.3891033891033893
Jack Rothrock,3.469979806518268,1.670398217766639
Chuck Dressen,3.469263590391909,1.1615332657885848
Muddy Ruel,3.4691539846179023,1.3876628706268594
Larry Herndon,3.4646678658523578,1.832831325301205
Mariano Duncan,3.46254989493158,2.0729988365915495
Alex Cole,3.459963903410505,1.6990662931839402
Billy Myers,3.4573643410852717,1.3458333333333332
Billy Cox,3.4548374905517765,1.8481028775146422
Gil Coan,3.449942534091262,0.9526332691072575
Sammy Hale,3.4460006224712103,1.6283718689788056
Manny Sanguillen,3.441777520724889,2.275687568756876
Jerry Coleman,3.438069216757741,1.291297208538588
Alex Gonzalez,3.4369769444363825,1.4940712168291725
Bobby Morgan,3.4310344827586206,0.4387301587301588
Don Mincher,3.4309730102182936,0.3993610223642173
Howard Freigau,3.428327228327228,1.7261761961881914
Jackie Tavener,3.423221787628567,1.2757852077001013
Charlie Hayes,3.4231142159108265,1.5163835834963368
Dion James,3.4162983556696127,1.5595957400565095
Lee Handley,3.414966626911891,1.516199058590363
Woodie Held,3.4136317505416223,0.44387250176723886
Casey McGehee,3.4128861977953733,1.533655949256343
Art Howe,3.4090909090909087,0.7634468639493764
Jerry Hairston,3.4090909090909087,1.4395474501857481
Sherm Lollar,3.4082600343746843,1.0627984491523745
Johnny Berardino,3.406310788568008,1.2208576998050684
Bobby Tolan,3.4054834054834053,1.659062103929024
Ernie Orsatti,3.40528233151184,1.5065359477124183
Ted Lepcio,3.4049382716049386,0.8634085213032581
Franklin Gutierrez,3.403508771929824,1.5937311633514166
Randy Jackson,3.3995433789954337,1.1338454376163873
Jim Rivera,3.3946601629157414,1.032513981011835
Jim Pagliaroni,3.3929640718562872,0.6004094546808112
Rafael Ramirez,3.392610112477662,1.9973458054901159
Chick Galloway,3.3923534144459224,1.3916395096588692
Brandon Inge,3.39198606271777,1.1666666666666667
Billy Martin,3.38998127340824,1.540257648953301
Felix Jose,3.3876982252513663,1.7531816474124167
Dickie Thon,3.3865432812801237,1.7877184543851208
Mark Koenig,3.370291215833557,2.334746725310138
Harry Simpson,3.369477911646586,1.060968660968661
Frank Baumholtz,3.3657407407407405,1.7271157167530224
Tom Haller,3.3615305439761207,1.1872294372294376
Johnny Estrada,3.3567708333333335,1.6637903483541068
Bo Jackson,3.351510984167284,1.3852691307531118
Greg Walker,3.3505917159763317,1.5535256410256408
Rick Reichardt,3.3480928689883913,1.3573711801559905
Johnny Vergez,3.3454861111111107,1.5244663382594414
Leon Roberts,3.34469696969697,1.160719874804382
Freddie Patek,3.343915453675852,1.3537496935459472
Jim Busby,3.3418178366156344,1.7774202996554849
Carlos Baerga,3.340144984326019,2.11050042939812
Birdie Tebbetts,3.339257881311744,1.320481901415367
Cliff Johnson,3.335335049089696,0.8149916584740966
Jody Davis,3.3349593495934964,1.294173582295989
Ray Knight,3.334747360482654,1.982437275985663
Bobby Darwin,3.333777777777778,1.497588908981314
John Milner,3.3293889406557575,0.5089917157136822
Woody Jensen,3.328358208955224,2.478202548625084
Rick Wilkins,3.3233413269384493,0.504681647940075
Enos Cabell,3.3229166666666665,2.038035844710377
Phil Garner,3.3207401270367303,1.5693044923149964
Desi Relaford,3.31832298136646,0.9090311986863712
David Murphy,3.317654447870275,1.6347534277470583
Elston Howard,3.3169552669552664,1.8784427065623939
Alan Ashby,3.3136169386169385,0.8829334365325078
Rajai Davis,3.3125530110262935,1.5887445887445886
Bob Jones,3.3081395348837206,1.8096064814814816
Mickey Stanley,3.307279140612474,1.4031898473675184
Burgess Whitehead,3.3069679849340865,1.496268656716418
Jimmy Bloodworth,3.306260575296108,1.3402445507708665
Glenn Wilson,3.3029721527479374,1.8429227118712233
George Altman,3.3025608280682888,1.4216666666666666
Ron Coomer,3.294459962756052,1.5660124025715423
Billy Gardner,3.2924938190808604,1.0584595959595962
Jay Payton,3.287365764107088,1.8748775553366392
Craig Monroe,3.2836438923395446,1.5406976744186045
Phil Todt,3.2834678146498306,1.729109613852061
Nick Punto,3.283138401559454,0.8330128205128204
Mack Jones,3.2817460317460316,0.7955555555555556
Gary Pettis,3.280274686242008,1.08989182536598
Ski Melillo,3.2733024895539464,1.9520234922515052
Benito Santiago,3.271052631578947,2.2102342102342103
Marty Perez,3.270087575259989,1.2063313794065975
Matt Stairs,3.269137103383679,0.6130421242627618
Tony Armas,3.268032049053947,1.936624477758663
Nate McLouth,3.2677170555022905,0.966137566137566
Gene Hermanski,3.2674840458081995,0.6798828166613403
Hector Lopez,3.2653846153846153,1.3790650406504064
Neifi Perez,3.2625951200494208,1.9314100846539326
Del Unser,3.2617444806369886,1.0775476387738194
Jo-Jo White,3.260802469135802,0.4816666666666669
Joe Pepitone,3.259779150290099,2.028607250338595
Juan Rivera,3.2582554517133957,1.6761904761904762
Brent Gates,3.2566002272925956,1.108081572584884
Craig Counsell,3.251837647810802,0.6840566328100958
Paul Sorrento,3.2499999999999996,0.7456521708882248
Mark Christman,3.242113080822758,1.664170692431562
Harry Craft,3.2416666666666667,1.9179894179894184
Kevin Mench,3.241641337386018,1.3619306418219461
Ryan Doumit,3.241527241527241,1.2822134408260861
Chuck Hinton,3.2412332936350405,1.0696053196053195
Buddy Rosar,3.2394933793897525,1.2380952380952381
Denny Doyle,3.235108656552191,1.6686401326699833
Don Kolloway,3.2348865539820313,2.1894423688944236
Gerald Young,3.2341880341880347,1.3820261437908494
Mike Macfarlane,3.2327981883734096,1.294802146210597
Nick Esasky,3.2312499999999997,1.2427024482109228
Adam Kennedy,3.229970326409495,1.608943089430894
Jonny Gomes,3.2259927358093594,0.16572061191626405
Shanty Hogan,3.2233044853899124,1.8719206802166444
F.P. Santangelo,3.222598870056497,-0.35323383084577104
Bob Brenly,3.219894026974952,0.7417862838915473
Jerry Royster,3.2094906255185003,0.9559690001761355
Lee Thomas,3.2046144505160896,1.3476635514018696
Doug Baird,3.203703703703704,1.486984126984127
Chris Speier,3.2001131675198575,1.1932899296440198
Tony Horton,3.1927083333333335,1.4860426929392447
Gary Roenicke,3.189061976549414,-0.16764190017328096
Gus Triandos,3.1861105882845018,0.7899835796387521
Dan Pasqua,3.1840866290018837,0.7419871794871794
Mike Ivie,3.18200408997955,1.5152977345702092
Dick Sisler,3.181136950904392,1.4104308390022675
Sam Mele,3.178605000940026,1.3195084485407067
Chris Gomez,3.1775634560710997,1.1703024243434177
Ed Bailey,3.1763791763791764,1.050595238095238
Mark DeRosa,3.173494602679152,1.2730817977966267
Sam Bohne,3.173066543295551,1.4577997597321268
Sammy White,3.172882256350816,1.459908206403265
Jim Presley,3.170203384742392,1.6589376732540462
Mike Hershberger,3.1613114937232063,1.4212779973649539
Darrin Fletcher,3.161243913235945,1.5808531746031746
Aaron Rowand,3.16116158125144,1.5297279532663788
Gordy Coleman,3.1595389748255993,1.250478927203065
Rube Lutzke,3.1594549684280495,0.9672262190247801
Tony Clark,3.1593343219640797,1.0258534136546185
Roger Cedeno,3.158924937496366,1.2606788965472016
Ron Hansen,3.158758227723745,0.8342533616418968
Clint Barmes,3.156934592932019,1.1547488391726466
Bert Haas,3.153717627401838,1.6431623931623933
Duane Kuiper,3.1523809523809523,1.5111197815060475
Mike Tresh,3.152033561565112,0.7632813490554077
Otto Velez,3.149885304659499,0.25562283191422264
Pat Putnam,3.1343669250645996,1.0226757369614514
Alex Kampouris,3.1288503163503165,0.6700310559006212
Vance Law,3.125776594395841,1.4739454094292803
Butch Huskey,3.1222222222222222,1.5790476190476188
Tommy Helms,3.119973077570251,2.0348695962843872
Rich Rollins,3.1117084826762245,1.6830246913580247
Eric McNair,3.1070460704607044,2.2330740420628064
Yorvit Torrealba,3.106107660455487,1.6168384879725084
Hod Ford,3.100533968955022,1.4471527483396922
Mark Bellhorn,3.092592592592592,0.3678861788617887
Wayne Gross,3.090825688073395,-0.22062981378570745
Pep Young,3.088354563236487,1.4974959680842037
Clint Courtney,3.081750143926309,1.0971817341798564
Dave May,3.081704190586405,0.839603219165263
Johnny Edwards,3.077906369573036,0.9276447105788423
John Wathan,3.077070241586371,1.3634437596302005
Darren Lewis,3.0753100626518353,1.1648287385129492
Barry Bonnell,3.0742786985880906,1.0887850467289721
Dom Dallessandro,3.074111334674715,-0.009492918924056681
Pat Mullin,3.066869300911854,0.8857285429141716
Jose Lind,3.0666666666666664,1.9770508431596296
Lew Riggs,3.0620771575738464,1.2036527041117004
Lou Chiozza,3.059093167140857,1.5656197230665316
Garrett Jones,3.0579710144927534,1.0644768856447688
Lee Mazzilli,3.055619818777713,0.29682662538699695
Chad Kreuter,3.0538204707170227,0.5209391485707272
Ben Broussard,3.049402306146197,0.9218327905274054
Toby Hall,3.0485975212002607,1.8451646090534979
Frankie Pytlak,3.0442826812253565,1.1851851851851851
Bill Mazeroski,3.0421526890875548,2.103423154014391
Don Slaught,3.0393226176808263,1.4531772575250839
Bo Diaz,3.0285231333912876,1.703469477382521
Dave Collins,3.0253804463414817,0.8735147677407301
Brian Hunter,3.024021513936091,1.4443522824068256
Brian Schneider,3.013413074550515,1.1544220674655457
Mike Blowers,3.0133712905452037,0.9805640625312758
Ken Reitz,3.0105466860183845,1.9144144144144146
Mel Hall,3.0082807059551246,1.924485614642214
Pete Coscarart,3.0073540280857354,0.5628478219151795
Luis Rivas,3.0056867891513566,1.5360908353609084
Lenny Green,3.002668248752586,0.8489050382870799
Michael Tucker,3.0024420024420024,0.9614583333333334
Butch Hobson,3.0006568144499184,1.6013313609467457
Ray Jablonski,3.0003306878306883,1.4044715447154472
Chick Fullis,2.9966666666666666,1.2782608695652173
Rip Repulski,2.9958847736625516,1.5815012873836405
Wally Backman,2.995260663507109,0.9269230769230772
Pat Seerey,2.991103034134008,0.6787802840434418
Pat Kelly,2.9906897456071335,0.7728595942881658
Wally Roettger,2.990451388888889,2.122719734660033
John Buck,2.986548636548637,0.9275586700496516
Craig Wilson,2.986477387498597,0.3229943064182195
Gus Zernial,2.9862134862134866,1.5564296814296814
Tony Graffanino,2.984126984126984,1.1861861861861864
Felix Mantilla,2.9829545454545454,1.3628078340120224
Rabbit Warstler,2.982142857142857,0.8625565610859729
Leroy Stanton,2.979035639412998,1.0615335145721885
Yuniesky Betancourt,2.9759615384615383,1.9894073478144276
Wayne Tolleson,2.9744645332880624,0.4564431295200526
Jimmy Wasdell,2.9692953789703016,1.6083449364151121
Andre Rodgers,2.96875,0.8702744194972175
Mike Gallego,2.9685131523873913,0.6224208968486596
Babe Pinelli,2.967637163561077,2.0434044882320745
Casey Kotchman,2.964899949842929,1.374179325254594
John Roseboro,2.964693665628245,0.9771929824561405
Billy Moran,2.9622938530734633,1.2623931623931623
Spud Davis,2.959706066727032,1.3254727120589254
Jim Sundberg,2.958553944414015,1.006223337294454
Enzo Hernandez,2.956521739130435,0.8292181069958847
Gregg Zaun,2.9534981558321807,0.7390078037904125
Roger Metzger,2.9470704277107855,1.2323216695460835
Dale Long,2.943223443223443,1.2040650406504063
Sam Dente,2.9411764705882355,1.2356532356532357
Sam Leslie,2.9387755102040813,1.2786608863198456
Doug Griffin,2.937780056201109,1.4028314028314028
Eric Owens,2.937243771680857,1.2101010101010101
Ron Kittle,2.9357785804380234,1.079954153050773
Miguel Dilone,2.925862068965517,1.3325044336494718
Chris Stynes,2.924812030075188,1.2868497109826589
Tony Batista,2.9236429115249543,1.5641615047102853
Skip Schumaker,2.920833333333333,1.605306750085795
Bill Rigney,2.9194762267988814,1.123546511627907
Freddie Maguire,2.9154061624649863,1.8255813953488371
Stan Javier,2.9137495646116336,0.9638812227853325
Mike Jacobs,2.9116809116809113,0.94702842377261
Red Wilson,2.9086456771614198,0.8570882424495189
Kirt Manwaring,2.9002849002849005,0.9397961920085812
Bengie Molina,2.8989547038327523,1.681638634046891
Jimmie Wilson,2.896605930689532,1.5901027077497665
Bobby Adams,2.894243341669957,1.0984126984126985
Lee Stevens,2.8909528266259463,1.252847071877323
Lou Clinton,2.887576552930883,0.572094995759118
Emil Brown,2.886473429951691,0.878030303030303
Mark Lemke,2.8854938271604937,1.1419717953582496
Chico Fernandez,2.8851156069364166,1.2644706500761616
Carmelo Martinez,2.88444258795136,0.7164965849108219
Bob Fothergill,2.8821138211382116,1.4724826742763966
Willie Bloomquist,2.881728778467909,1.9503493013972057
Tony Pena,2.8803997784503395,1.4824363655943584
Wes Westrum,2.8764315852923446,-1.1369369369369369
Sid Bream,2.8724505327245056,0.8882086167800453
Reed Johnson,2.870692431561997,1.6571315996847913
Dick Schofield,2.870276224368751,0.7992195367573012
John Ellis,2.867667667667668,1.0154471544715447
Rich Amaral,2.866904877260982,1.1642512077294687
Andy Seminick,2.857333333333333,0.6932463302170143
Mike Redmond,2.8558730158730157,1.1401515151515154
Greg Gagne,2.8531600347780306,1.2141467809837205
Clay Dalrymple,2.847077409162717,0.26221577164973403
Pete Suder,2.8465514319606844,1.4396417445482868
Duke Sims,2.8428845101258893,0.34287177486221543
Lee Lacy,2.8360682110682114,1.176153846153846
Charlie Moore,2.829347930471526,1.13764832793959
Todd Hundley,2.8293010752688175,0.4799412915851275
Dave Martinez,2.826370320855615,1.190702409229725
Ron Jackson,2.822779466396488,1.3645756952517214
Don Lock,2.820456369682376,0.3332421964000913
Orlando Merced,2.8170030223262166,1.087573385518591
Ken Landreaux,2.814939389454707,1.5842891566265058
Chris Cannizzaro,2.813880563880564,-0.2896473184934723
Ernie Lombardi,2.8137376152588254,1.3462298448853336
Rance Mulliniks,2.813596620493172,0.8222222222222221
Jerry Morales,2.8126161278335196,1.2711257309941522
Bob Oliver,2.812351487501188,1.8321609517055437
Julian Javier,2.806820961903276,1.6854724530624807
Chris Singleton,2.801874088205589,1.9201138178464585
Merv Rettenmund,2.8002503698645724,-0.2815801600268107
Sandy Alomar,2.7989469063242667,1.9429147930358583
Darnell Coles,2.797979797979798,0.5726574500768047
Donnie Hill,2.7976190476190474,1.3357988165680474
Gary Disarcina,2.790707070707071,1.9245541838134432
Oscar Gamble,2.790639514112183,0.8279317331192111
Ray Mack,2.7896706586826348,1.1016666666666666
Chris Snyder,2.7873230373230373,0.42146464646464654
Ken Phelps,2.7838284436581646,-1.0012993656640063
Bucky Dent,2.7826869579446893,1.3241869918699187
Ed Kranepool,2.7814814814814817,0.8216521202503744
Jim Spencer,2.78041804180418,1.3935169443499944
Mike McCormick,2.7786722961690757,1.3382729736388272
Joe Oliver,2.767172161479061,1.0638714981344464
Harry Danning,2.7668488160291442,2.065989847715736
Roy Howell,2.7643150966680374,1.6194317240828873
George Wright,2.763506425386834,1.925561550125181
John Flaherty,2.7615502100038185,1.4113268608414238
Danny Thompson,2.7574114621346406,1.4531037561223321
Ron Swoboda,2.7571246135233225,-0.06379956890188081
Tom Paciorek,2.755943609391885,1.5271345529188345
Russell Branyan,2.7512395243736556,0.10766260766260756
Ernie Whitt,2.7477678095083635,0.7300135713540034
Bob Robertson,2.7477272727272726,0.26452241715399644
Adam Everett,2.747543286320376,1.319391570647852
Wayne Causey,2.741808952468851,1.0895317744780113
Sandy Alomar,2.738260825163399,1.5133748517200474
Paul Blair,2.732181384168809,1.4425205889497483
Dick Green,2.7301124081279724,0.8127164905688394
Eddie Milner,2.7290402647545506,1.1840885578315747
Billy Sullivan,2.7251947599773687,1.1749922581444319
Colby Rasmus,2.72022792022792,0.984375
Mark Lewis,2.7192165987977504,1.302912621359223
Omar Infante,2.7113889936184763,1.9558782849239282
Cory Snyder,2.710558499796168,1.1305555555555555
Bubba Phillips,2.710135102180169,1.451220348279172
Pete Incaviglia,2.708974358974359,1.22695810564663
Babe Phelps,2.708521406908504,1.1898316699098193
Gene Clines,2.708068435558285,0.44434099083420353
Dioner Navarro,2.705513784461153,0.9605348988910632
Mike Davis,2.7053872053872055,1.4718555417185553
Bob Kennedy,2.7026480520550202,0.8917940852603429
Robert Fick,2.6922514619883042,0.037037037037037056
Tim Teufel,2.6840080390467995,0.47377177529849296
Bruce Benedict,2.6831316386628608,0.9754661660856353
Dave Rader,2.6811904761904763,1.0222222222222224
Don Padgett,2.6797419207491147,0.499878555449025
Roberto Pena,2.6785310734463272,1.2282051282051283
Bernie Allen,2.6769739783600106,0.34710678848609877
Eddie Leon,2.6750000000000003,0.8570822731128076
Jerry Grote,2.6657070109044754,0.981928582664779
Walt Dropo,2.6634467421320007,1.492062556564024
Larry Sheets,2.6623505862818018,1.1860131190760155
Candy Maldonado,2.6618725787704314,0.9588443809561599
Bob Aspromonte,2.6608306108306112,1.4261385375391893
Walker Cooper,2.656643196750526,1.6120379109642913
Willie Greene,2.6559580770107085,0.364014300688829
Frank White,2.6491717179044882,1.575825748780806
Jimmie Hall,2.6485589378238346,0.9917891565383995
Corey Patterson,2.648444444444445,1.650326797385621
Kurt Stillwell,2.638834967240566,1.0342135998297002
Bobby Knoop,2.638788158147801,0.8041341844120057
Jack Smith,2.6371562709590886,1.5751803751803752
Russ Davis,2.636787724573984,1.1283563930622755
Sibby Sisti,2.6320582877959926,0.8311216429699844
Ken Berry,2.626558413450171,1.2686707785429485
Rey Sanchez,2.623333333333333,1.8115671641791045
Alfredo Griffin,2.6211403718676927,1.7863091461400196
Lou Johnson,2.6196320219220985,1.3023809523809524
Jose Oquendo,2.614132280373876,0.24302673206977632
Don Demeter,2.6066090771973127,1.4104851704293935
Bob Seeds,2.6,1.402380952380952
Damian Jackson,2.5962301587301586,0.17675983436852993
Eddie Bressoud,2.5925039872408293,1.1258680555555556
Joe Girardi,2.592033709298509,1.2909222782104137
Dick Williams,2.588268471517203,0.7792207792207794
Al Woods,2.587285064384301,1.0220918742773046
Xavier Nady,2.5843397745571655,1.4009615384615381
Gerald Laird,2.5832892556155014,0.9084721607941425
Cliff Heathcote,2.580881448905282,1.022416475122472
Brian Harper,2.579289493575208,1.7886233132357165
Bill Hall,2.57799671592775,1.0172240730180644
Mike Heath,2.5778588807785887,1.455157437567861
Bob Tillman,2.5757911887069236,0.7132043313636037
Jake Wood,2.5754716981132075,1.3844086021505377
Randy Moore,2.574133369823025,1.1361242849181705
Ed Taubensee,2.5723577235772357,1.3043593833067517
Stu Martin,2.5691358024691358,0.3893178893178895
Manuel Lee,2.566137566137566,1.0342465753424657
Juan Uribe,2.561528391425299,1.5002596053997923
Glenallen Hill,2.558514225620978,1.3505175500827675
Cesar Izturis,2.549886621315193,1.5091440422322775
Jeff Treadway,2.5494393663898305,1.6086580086580087
Eddie Miller,2.5487397941072065,1.1870412969657136
Craig Grebeck,2.5468466718466716,0.4169280486645756
Brendan Ryan,2.5463659147869673,0.6032544596786084
Mike Young,2.546006944444444,0.5736961451247167
Marcus Thames,2.5459317585301835,0.7878787878787877
Bob Cerv,2.5395833333333333,0.9952366701581127
Gabe Kapler,2.5319145131002414,0.9566594238971033
Bob Boone,2.5297458337212553,1.1659464131374244
Ray Hayworth,2.526931673052363,0.739329698418231
Jim Eisenreich,2.525531342480495,1.2699145712443585
Dale Berra,2.5197740112994347,0.6882086167800452
Earl McNeely,2.513888888888889,0.9500000000000001
Walter Schmidt,2.5122530225187227,1.2463015805557243
Frank House,2.509375611665688,0.753613881872797
Bama Rowell,2.506887052341598,1.5310077519379848
Hal Smith,2.506486597094332,1.1548807119517923
Joe Collins,2.504489001945234,-0.007164502164502225
Tommy Thevenow,2.504402289843716,1.266482734760306
Derrel Thomas,2.5031223521437043,0.7381154584976243
Jim Morrison,2.501666666666667,1.01724356536072
Al Lopez,2.500065090515832,0.9380686064792143
Jim Essian,2.497619047619048,0.4154260541888915
Ray Fosse,2.497097097097097,1.2270315091210613
Kevin Bass,2.4966374269005844,1.3790849673202616
Irv Noren,2.496527777777778,0.410759578160459
Gus Mancuso,2.4952380952380953,0.9995618359075474
Charlie Spikes,2.4925871893664513,0.7904761904761907
Tito Francona,2.492106625258799,0.7783899602081418
Chad Tracy,2.4886363636363638,1.369236583522298
Jimmy Outlaw,2.4881602914389798,0.6634692246203038
Marvin Benard,2.4878167641325537,1.0159278449433888
Rick Cerone,2.487753539992346,1.1003419490390174
Butch Henline,2.486509905864745,1.034143404488232
Tim Foli,2.4860186837307787,1.603677687314515
Glenn Hoffman,2.4853222541813147,0.7500456370938299
Kevin Elster,2.4844844844844847,0.8272727272727272
Randy Ready,2.4840245775729644,0.3378954570333881
Eric Hinske,2.4792972459639127,-0.14032073310423834
Jerry Adair,2.478737997256516,1.6493625209613294
Al Todd,2.475925925925926,1.620748299319728
Ed Brinkman,2.4746411483253588,0.9240714139134002
Hank Edwards,2.4734299516908216,1.2099866935071137
Tim McCarver,2.470433698459346,1.021757291780175
Earl Smith,2.462148962148962,0.9097087378640772
Ollie Brown,2.4601823815847723,0.9646557708826055
Cy Perkins,2.459140156754265,1.0678143677193106
Steve Balboni,2.4576598118922366,0.8390333705562356
Brent Mayne,2.453125,0.7533232374221775
Ron Hassey,2.4498260592919956,0.8138475729274761
John Lowenstein,2.4434975039884717,0.4269963369963368
Jim Davenport,2.4414239482200646,1.0091463414634145
Buck Rodgers,2.4322916666666665,0.9827044025157233
Einar Diaz,2.428571428571429,1.3972272453285113
Rick Dempsey,2.425770308123249,0.2650286650286649
Larry Brown,2.422387366914545,0.7825974325974325
Shawon Dunston,2.4202790031217662,1.6008504725695876
Jose Hernandez,2.4159971045964537,0.6602992087042532
Rod Barajas,2.411255411255411,0.9178735613267065
Steve Braun,2.4100636205899364,0.5393412956930872
John Wockenfuss,2.4098837209302326,0.6193095105155405
Bill Stein,2.4043369794665135,1.168544600938967
Aaron Miles,2.398287734971152,1.336646397806194
Ed Romero,2.396464646464646,0.8685595450301332
Danny Bautista,2.3946428571428573,1.2763753596789948
Mitch Webster,2.3846322882197324,0.6615835670453346
Mario Guerrero,2.3807159743329955,1.1395705521472392
Carlos Gomez,2.3768728127734033,1.0442586963863558
Bob O'Farrell,2.3724457841044937,0.5814757901182234
George Strickland,2.3701657458563536,0.18699186991869934
Milt May,2.3695090439276485,1.1394557823129252
Dan Meyer,2.3634968734968735,1.3304346417929782
Eddie Miksis,2.3607230845035723,0.3353449839067955
Matt Nokes,2.358869395711501,0.7822660098522167
Mickey Owen,2.356488699605309,0.8852673642147327
Bill Spiers,2.350717162786128,0.8030534081683083
Ozzie Guillen,2.347628990186102,1.6155842845024118
Smoky Burgess,2.3459071023083986,0.836754631077229
Lee Maye,2.3449007133217656,1.1583011583011584
Mike Pagliarulo,2.338916010614124,1.009756350059777
Steve Brye,2.3374543323482833,1.130784708249497
Willie Kirkland,2.337138508371385,0.7997076023391814
Walt Williams,2.33582321817616,0.8841222879684417
Jim Hickman,2.33148893360161,0.5490786957544135
Pat Sheridan,2.32890321260487,-0.046733001658374684
Jack Howell,2.328849902534113,0.36551324480192154
Jose Uribe,2.327165459908823,0.59366391184573
Earl Grace,2.3216374269005846,0.9115095344625544
Felix Fermin,2.3210597694468658,1.1060256286422618
Roger Repoz,2.31511001562602,0.00411047924860064
Emil Verban,2.314944134078212,1.7089668615984406
Luis Salazar,2.3051090700344434,1.2958002645502644
Deivi Cruz,2.303615564407995,1.6241831103580546
Patsy Gharrity,2.3016694033935416,0.47166968053044017
Billy Ripken,2.3001343312224143,0.8849453017459972
Skeeter Newsome,2.298176859029572,1.1795118659688624
Ryan Church,2.2915622389306596,0.7330520933205497
Pat Meares,2.2864364703227262,1.4886239239687518
Gary Geiger,2.286417748917749,-0.15807906351947784
Leo Durocher,2.2853943990262606,1.0147948611686697
Joe Orsulak,2.284761030524341,1.0673490221362563
Craig Reynolds,2.28173248821713,1.3876068376068378
Johnny Gooch,2.277446633825944,0.7934650616404003
Rob Wilfong,2.276341066942515,0.8135616252208179
Randy Hundley,2.274044164931317,0.8141985670868855
Kurt Abbott,2.2735760971055092,1.138131313131313
Rollie Hemsley,2.2692505573658033,0.9366211130917014
Hal Rhyne,2.2688172043010755,0.32380952380952355
Mike Matheny,2.267629495403954,0.8438327967359234
Bob Boyd,2.261517615176152,0.6950424005218525
Ronny Cedeno,2.2607535938903864,0.9754951382354259
Jay Johnstone,2.25513013013013,0.6477929984779297
Billy Hitchcock,2.2490712597095577,1.0915727021402166
Chris James,2.2484330484330486,1.4023569023569025
Jake Early,2.2478540230755635,-0.09440418679549116
Don Zimmer,2.2454545454545456,0.7249322493224933
Damon Buford,2.2434266327396095,0.5444053013328023
Jack Brohamer,2.2420995298704276,0.6357009814456621
Joe Azcue,2.241578261678764,1.1045088566827699
Gene Michael,2.2415098531849798,0.7121375251220213
Gene Oliver,2.2407326274796153,-0.21850003959768735
Rob Mackowiak,2.2398775894538607,0.3966009403185568
Tom Brookens,2.239606051675017,0.8805471882520831
Jose Tartabull,2.2353049566979917,0.34384008392629095
Frenchy Bordagaray,2.235015663069962,0.652374955600762
Milt Thompson,2.234124630825891,0.8383116883116881
John Sullivan,2.2340619307832426,0.24523809523809526
Bill Almon,2.2326790024135157,0.43125418041242963
Bob Dernier,2.232105420784666,0.3188824662813103
Terry Whitfield,2.2292847997073353,0.8592050823594448
Ramon Vazquez,2.2287903915420695,0.2386809512436452
Pedro Feliz,2.2208436724565757,1.166625506518206
Johnnie LeMaster,2.2205584142980648,0.29092736146999726
Bernie Neis,2.21952872484621,0.6148960978605452
Ed Herrmann,2.216242221237049,0.05952364369969517
Tim Flannery,2.21489403842345,-0.0730462519936202
Mark Belanger,2.2078478639346457,0.29486136533116386
Wilson Betemit,2.20695356275401,0.5194805194805194
Luis Rivera,2.206670362158167,0.42882882882882883
Steve Yeager,2.201388888888889,0.15458402508762248
Chuck Hiller,2.192645883293365,0.4813797313797316
Alex Cintron,2.19192683695995,1.2618530020703933
Ramon Santiago,2.1904761904761902,0.5643939393939393
Dave Gallagher,2.190124734810725,0.7670961965637607
Andy Fox,2.185814185814186,-0.5687500000000001
Hal Wagner,2.1843064343064342,-0.31966796644215983
Luis Sojo,2.1839430894308944,1.1505248564072093
Russ Snyder,2.182840855427376,0.7313397244726705
Tom Pagnozzi,2.1818181818181817,1.1192711729334202
Myril Hoag,2.1811270600744286,0.8782503607503607
Eric Anthony,2.180708180708181,0.26190476190476186
George Mitterwald,2.175795360577969,0.6727901903257352
Ricky Jordan,2.169910786699108,1.3600782778864968
Rocky Bridges,2.168021226085742,0.8550765473842397
Vic Davalillo,2.1657932497348558,1.2467126019030312
Brady Clark,2.156893004115226,0.38759689922480617
Al Spangler,2.15527950310559,0.22954822954822932
Steve Lyons,2.1541950113378685,0.5836031352160383
Dave Valle,2.1540961857379766,0.5594628975877634
Jose Vizcaino,2.150368041520074,1.0905764411027568
Dale Sveum,2.147286821705426,0.48500881834215176
Ed Fitz Gerald,2.1460337153885543,0.32895303504238643
Shane Halter,2.146022312584715,0.9998245495647481
Mike Cubbage,2.145124716553288,0.3780864197530864
Tony Scott,2.1384021693783897,0.7290212019767256
Craig Paquette,2.1357285429141717,0.9340031520882585
Miguel Olivo,2.1312823709399207,1.396455958083159
Les Moss,2.13125,0.15197318007662833
Phil Masi,2.1289450929528755,0.5148073363621065
Scott Servais,2.127942561205273,0.6832648088929497
Val Picinich,2.12406576980568,0.131720430107527
Ed Kirkpatrick,2.117741434284479,-0.5608586738333415
Joe DeMaestri,2.1161616161616164,0.939263883469892
Al Evans,2.1085490069606814,0.29000000000000004
Tommy McCraw,2.104660071105724,0.3844181492955043
Jerry Martin,2.1028420038535645,0.6764536557282671
Andujar Cedeno,2.090909090909091,1.0500719937339655
Gene Freese,2.0876543209876544,0.9961479198767332
Dick Brown,2.084481175390266,1.2789768185451635
Todd Hollandsworth,2.082375541125541,0.5800136407454403
Gary Thomasson,2.0797020484171322,0.1786241851506536
Andres Thomas,2.0788113695090438,1.3037037037037036
Sean Berry,2.073618277720445,0.5493337411245441
Cito Gaston,2.0726222339227474,0.8245686680469291
Rey Ordonez,2.0707527766351297,1.0828108672936259
Mike Hegan,2.060410140387516,-0.5561069904983515
Duffy Dyer,2.057729941291585,-0.013888888888888987
Cesar Geronimo,2.0561391245406115,0.633038448645178
Joe Evans,2.0469052945563013,0.5870370370370371
Alex Cora,2.0463286713286712,0.7472924187725631
Nelson Liriano,2.0442229038854807,0.5185185185185186
Henry Blanco,2.04040404040404,0.25493827160493826
Aurelio Rodriguez,2.0384111384111385,0.9849168889800944
Dick Schofield,2.030555555555556,-0.8609236469498477
Kelly Stinnett,2.023483365949119,0.09117647058823526
Barry Foote,2.0209899749373434,0.8058823529411764
Clyde McCullough,2.0158059467918625,0.6069594247560347
Jeff Reboulet,2.007998326240266,-0.6107140065350279
Rafael Santana,2.004979769685652,1.0906593406593406
Miguel Cairo,2.0023969319271333,0.6083333333333333
Rich Gedman,2.0022057289337982,0.9311708423206678
Damon Berryhill,1.998502545672357,0.40980392156862755
Jeff Reed,1.9947748330101271,-0.059992617201919396
Matt Walbeck,1.9931972789115644,0.9360940695296524
Franklin Stubbs,1.9864735703445382,0.07993527508090592
Mike Jorgensen,1.9843506847183316,-0.7491722063944287
Greg Colbrunn,1.9820261437908495,0.6522558922558922
Pat Borders,1.9811753902662996,1.5056423611111114
R.J. Reynolds,1.9715909090909092,0.6529568242275424
Wes Covington,1.9694158063422418,0.7945816186556928
Tim Hulett,1.9680319680319682,1.057142857142857
Roy Smalley,1.9621257297093717,0.6858392929821502
Ray Mueller,1.9621212121212122,0.6613196516189664
Geoff Blum,1.960272820387592,0.0513839299337789
Gene Stephens,1.9588984681239932,-0.6142850741587131
Bob Johnson,1.956896551724138,0.5190037863950906
John Shelby,1.9544482829893406,0.6239150909222632
Mike Fitzgerald,1.9516735987324223,0.011725293132328396
John Bateman,1.9512748631691366,0.9667125803489441
Gerald Perry,1.9497354497354495,0.1113298337707785
Mickey Hatcher,1.9480519480519483,1.2818234209313049
Mike Kingery,1.941783126293996,0.5328288040362344
Hank DeBerry,1.9406268836648586,0.5226396917148362
Darren Bragg,1.9368548876745597,-0.13333333333333344
David Dellucci,1.933409399725641,-0.3551088193099248
Al Newman,1.9298738922972054,-0.14554635095960564
Floyd Baker,1.9176232369780755,-0.932586453857172
Del Rice,1.9167630522088352,0.5679675716440422
Charlie O'Brien,1.907520325203252,-0.34904013961605584
Derrick May,1.9074844833880977,0.17607169253510704
Dave Roberts,1.9018071130747185,0.6389101094983448
Ruben Amaro,1.9011627906976745,-0.005330468590137046
Andy Etchebarren,1.8912976294357184,0.02454244980514031
Charley Smith,1.8829520697167756,1.0942449731132173
Marlon Anderson,1.8711201079622135,0.5378179384203481
Bill Robinson,1.8663307493540053,0.9749383437175494
Woody Woodward,1.8656783468104223,-0.4360800744878957
Joel Youngblood,1.8586432018166335,0.13486682808716685
Zack Taylor,1.8528233420356963,1.0767096205268247
Manny Mota,1.8464291589698754,0.28004193668314015
Mark Carreon,1.8458485958485962,0.9477911646586344
Gary Sutherland,1.845153598414468,0.959954812895989
Bob Swift,1.8447544440255264,-0.480871826814849
Glenn Myatt,1.8416666666666668,0.08797223334668258
Mike Lamb,1.835973597359736,0.5523962087838737
Paul Bako,1.8308982683982684,0.4983144434757336
Frank Duffy,1.827734147760326,0.3827523353839144
Greg Myers,1.8259999999999998,0.22991768379222247
Todd Benzinger,1.8217941559650102,0.7844236760124611
Jerry Lynch,1.8196699134199135,-0.26527777777777767
Bud Stewart,1.8116883116883116,0.4642504930966469
Ron Karkovice,1.8034119829893438,-0.13303680624308445
Ted Kubiak,1.8003554527334253,-0.39643583929298226
Endy Chavez,1.8002002002002004,0.7078398195149461
Randy Bush,1.7995254630381774,-0.5942311565148934
Mike Tyson,1.7991427470068062,0.8803711387736283
Jesus Alou,1.7904895104895104,1.3800000000000001
Mike Aldrete,1.7845804988662133,-0.6242945958871352
Gene Desautels,1.782520325203252,-0.14791316725018402
Garth Iorg,1.779504893494531,0.9366422259823274
Tom Grieve,1.7675264550264551,0.5698908218258065
Alvaro Espinoza,1.7632322251007484,1.0621781727044883
Marc Hill,1.7589133089133089,-0.5074316897988395
Steve Jeltz,1.7574002574002574,-1.1032608695652175
Scott Hairston,1.7559880239520957,0.13623595505617972
Larry Milbourne,1.7556497175141244,0.5985027580772259
Dave Anderson,1.7536878881987576,-0.04896686345458005
Elrod Hendricks,1.75,-0.8353658536585367
Bobby Bragan,1.746031746031746,1.009638003882608
Greg Gross,1.7411879707894888,-0.42880380380380395
Rowland Office,1.7393524185139853,0.48028946867263383
Tim Laudner,1.7301587301587302,-0.10440613026819918
Willie Miranda,1.7197468321629394,-0.46567644276253556
Marvell Wynne,1.7098445595854923,0.5650474595198213
Gerald Williams,1.7066666666666663,0.6869431643625191
Eli Marrero,1.7048872180451127,-0.20426065162907273
Ernie Riles,1.700710199728524,0.12365671641791047
Jim Gosger,1.6928571428571428,-0.3512275893570857
Tom Lampkin,1.6754901960784314,-0.9528985507246377
Mike Felder,1.672738312082574,0.15294117647058836
Tom Foley,1.6692292381947553,-0.39269443364857287
Mickey O'Neil,1.66529206815831,0.5027777777777778
Hobie Landrith,1.6647058823529413,-0.7632575757575757
Fred Kendall,1.6598639455782314,0.2104938271604937
Jerry Kindall,1.6533996683250411,0.0796814899790812
Jim King,1.6432368197074083,-0.8445217954203835
Jeff Newman,1.6372350548371566,0.16944444444444443
Charlie Berry,1.637121212121212,0.4937150837988826
Jim Dwyer,1.6290726817042607,-1.3536708804720108
Dave Duncan,1.6275641025641026,0.05708874458874454
Alex Ochoa,1.6125700406416084,0.717155744669976
Geno Petralli,1.6119732635861668,-0.271790385641002
Phil Roof,1.6108615141764313,-0.55784587636903
Quinton McCracken,1.6072329786615498,0.35089264132048753
Darrin Jackson,1.5870061973154757,0.8249751243781093
Al Spohrer,1.5860136452241715,0.5717208921628812
Eduardo Perez,1.5830838323353291,-0.6445238095238096
Alex Grammas,1.5791198712189278,0.3294957703640338
Andy Kosco,1.5759330759330759,0.8449012291294169
Jim Hegan,1.5740740740740742,-0.38802363050483346
Rich Reese,1.5606060606060606,0.04190028849689723
Ramon Martinez,1.555239961907293,-0.02808645486993407
Ken O'Dea,1.5506982392228297,-0.7638190954773868
Terry Shumpert,1.547993019197208,-0.3593593593593593
Von Joshua,1.5476837474120082,0.783824081901005
Casey Candaele,1.5382819353532629,-0.4526614881284097
Ken Boswell,1.5342666854275129,-0.3467289719626169
Jose Pagan,1.5295620377018253,0.5688818219294483
Dave McKay,1.5278422939068104,1.04433432065011
Tom Veryzer,1.5248388866035925,0.80588685411165
Jose Castillo,1.522953003875969,0.8855791708410856
Henry Cotto,1.5196166516921235,0.4395833333333334
Joe Lahoud,1.518790731789433,-0.9665101468048357
Denny Walling,1.5132275132275133,-0.5568456700532175
Clyde Kluttz,1.5051495345612995,0.8100176539666988
Paul Casanova,1.5048433048433048,0.8330000487733503
Gates Brown,1.4905050505050506,-1.0364341085271318
Alex Trevino,1.4903381642512077,-0.00708454229959606
Russ Nixon,1.4767827529021558,0.7781499202551835
Johnny Cooney,1.4661145617667357,0.7563213240800732
Doug Flynn,1.4476111418557462,0.8982163312060218
Alex Arias,1.4380685127929382,-0.2585856662223068
Dal Maxvill,1.4327614831211957,-0.6777353081700909
Daryl Boston,1.4238546603475513,-0.17746913580246915
J.C. Martin,1.4166375716794686,-0.7954707493714586
Mike Lum,1.4054142204827136,-0.571111111111111
Larry Biittner,1.386963355928873,-0.18560690517212267
Jose Molina,1.3849357871803694,0.513735632183908
Willie Harris,1.3844105129217674,-0.9346763624064601
Bobby Wine,1.3835665241611608,-0.1627320954907164
Lennie Merullo,1.3746770025839794,0.8543863654741689
John Kennedy,1.3723097666334383,-0.16875141574811017
Buck Martinez,1.355019077130631,-0.3755515820733211
Jason Michaels,1.3524353120243529,-0.9585705307398135
Ricky Ledee,1.3421538995309488,-0.9520033459332584
Dalton Jones,1.3369175627240146,-0.5843183609141054
Denny Hocking,1.3309691829535855,-0.17680997580495075
Bob Melvin,1.3277412880861157,0.26257890543604834
Skeeter Webb,1.3254127896369277,0.1251189433658982
John Mabry,1.3110285006195788,-0.09872241579558654
Dave Bergman,1.291435302036009,-0.9994454576962628
Bob Lillis,1.2902970284531292,0.6093383709910719
Greg Norton,1.2876109705896939,-1.7195027195027197
Matt Diaz,1.2729165282483998,0.3327361769984722
Danny Heep,1.2455457790251285,-1.4200831847890674
Hal Lanier,1.244622823651836,0.6288825019388954
Junior Ortiz,1.2307937894878342,0.6415301926267947
Darrel Chaney,1.2192857142857143,-0.6232862696951096
Greg Pryor,1.2084148727984345,0.40251572327044033
John Cangelosi,1.2050833475564657,-1.5878569108571767
Bucky Walters,1.2021288747805594,0.06717412734686556
Jerry Hairston,1.200757110701862,-1.5322287199480182
Fred Whitfield,1.1956214689265536,-0.21750679760301997
Jeff Huson,1.1941176470588235,-0.6573529411764706
Jim Wohlford,1.1848162903939794,-0.31095979247730215
Keith Lockhart,1.1786407766990292,-0.7876836865480343
Doug Strange,1.1757197999133482,-0.4106439223901442
Mike Benjamin,1.1688451260601835,-0.9372852953498113
Curt Wilkerson,1.1366406188333729,-0.17942583732057424
Mike Ryan,1.0949185043144773,-0.9176915799432354
Dave Clark,1.0495049504950495,-0.4045584045584046
John Vander Wal,0.9396578030415931,-1.129826254826255
Thomas Howard,0.9395262670371842,-0.5453239289446183
Herm Winningham,0.8981368149054808,-0.9614684985447696
Marty Keough,0.8962575059349255,-1.231012953126456
John McDonald,0.866223873316072,-0.012223349892277765
Tomas Perez,0.8465909090909092,-0.5822140822140822
Wes Helms,0.8423323203820274,-0.8126030556397309
Kurt Bevacqua,0.7861952861952862,-1.5071310116086234
Ty Cline,0.7641992551210427,-1.4828431372549018
Abraham Nunez,0.7641169403283942,-1.0720865038045655
Orlando Palmeiro,0.7568600989653621,-1.1084337349397593
Daryle Ward,0.7540706605222735,-1.0813108460167282
Jamie Quirk,0.6899533469158771,-0.8910751349107513
Tuck Stainback,0.6674311978179385,-0.09739381220136763
Rafael Belliard,0.6635467980295564,-0.8862832681928161
Juan Castro,0.6505681818181817,-0.2709994683678896
Lenny Harris,0.5796747967479675,-1.1837432130309806
Dave Hansen,-0.1432851950093328,-2.2235231247570932
Mark Sweeney,-0.49883118361915574,-2.524306347710603
Red Ruffing,-0.5496802652858945,-1.076228286990619
